name,russian translation,take,,Karata,,Karata_Zagra,,Karata_Umarkhadzhi,,Karata_Khajbula,,Karata_Ktoto,,Tukita_MagMag,,Tadmagitl_Khadzhimurat,,Tadmagitl_Nazirbek,,Tadmagitl_Nadzhawat,,Tadmagitl_Abdurakhman,,Karata_Gazijav,,Bagvalal,,Bagvalal_Gusejn,,Bagvalal_Muminat,,Bagvalal_Muslim,,Bagvalal_nazhavat,,Azer,,Kumyk,,Avar,
the watermelon,арбуз,the watermelon,1,хъармуз,2,хъармуз,2,хъармуз,2,хъармуз,2,хъармуз,2,,,,,хъапузи,2,хъапузи,2,,,,,хъарбуз,2,хъарпуз,2,хъарпуз,2,хъарбуз,2,хъарпуз,2,гарпыз,2,харбуз,2,хъарпýз,2
the barrel,бочка,the barrel,1,пошка,1,бочка,1,бочка,1,бочка,1,бочка,1,бочка,1,,,рус,1,рагва,2,,,,,"чирмá / чирми, бочка","1,3",0,,"чирмá / чирми, бочка","1,3","чирмá / чирми, бочка","1,3","чирмá / чирми, бочка","1,3",данышмаг,4,RUS,1,чирмá,3
the bucket,ведро,the bucket,1,бедера,1,бедера,1,бедера,1,бедера,1,бедера,1,пидра,1,бидира,1,бидира,1,бидира,1,,,,,бидира,1,бедра,1,бедера,1,бедра,1,ведро,1,ведрə,1,"педире, челек","1,2",RUS,1
the pea,горох,the pea,1,х1але,2,х1але (черные бобы; гороха нет),2,гарох,1,,,"гарох, х1але","1,2",гьац1а гьале,3,гьали,3,гьали,3,,,горох,1,,,гьал,3,"горох, гьал, еще что-то было","1,3",гарух,1,гьаль,3,гьаль,3,нохуд,4,нохут,4,хIéгьоло,5
the pear,груша,the pear,1,"гьиНгьиН, х1амагъаНкъ","2,3",первое,2,первое,2,первое,2,гьиНгьиН,2,гени,3,махахо,4,махахо,4,,,махахо,4,,,гьиНгьа,2,махуха,4,махуха,4,махуха,4,махуха,4,армуд,5,гьармут,5,"хIанчI, ген/и","6,7"
the melon,дыня,the melon,1,паст1ан,2,паст1ан,2,паст1ан,2,хъабахъ (ав) паст1ан,"2,3",хъабахъ (ав) паст1ан,"2,3",паст1ан,2,паст1а,2,паст1а,2,,,паст1а,2,,,патIих,4,"дыня, паст1ан (ав)","1,2",дыня,1,паст1ан может быть,2,дыня,1,говун; jемиш,"5,6",пастан,2,пастІáн1,2
the cabbage,капуста (кочанная),the cabbage,1,0,,капуста,1,капуста,1,хъапуск1а,1,хъапуск1а,1,капуста,1,хъапуста,1,хъапуста,1,,,хъапуста,1,,,КАПУСТА,1,капуста,1,капуста,1,капуста,1,капуста,1,кəлəм/käläm,2,къапуста,1,хъапустIан,1
the carrot,морковь,the carrot,1,ламат1ур,2,мамат1ур,2,мамат1уру,3,мамат1ур,3,мамат1уру,3,ламат1ур,2,экье,4,экье,4,,,,,,,гьекьéм,4,ламатур,2,,,ламатур,2,ламадур,2,yerkökü,5,чита,6,ламáдур,2
the rust,ржавчина,the rust,1,0,,кьабчур,2,кьабчур,2,кьабчур,2,кьарччу,3,кьаг1и,4,кьабу,5,кьабу,5,,,,,,,кьваНй,6,кьванй,6,,,кьваНй,6,кьваНй,6,пас; боз лəкə,"7,8",тот,9,кьавý,5
the fairy tale,сказка,the fairy tale,1,мугьа,2,мугьа,2,мугьа,2,мугьа,2,мугьа,2,маргьо,3,муха,2,муха,2,,,,,,,МУГЬА,2,маргьва,3,маргьо,3,маргъва,3,маргьо,3,nağıl; yalan;,"4,5",ёмакъ,6,маргьа,3
the plum,слива,the plum,1,каНкула,2,канкула,2,канкула,2,канкула,2,канкула,2,кукун,3,коквани,4,кваквани,4,,,,,,,"гIурýскваНкул, квáНкул","5,6",,,,,канкул,6,канкул,6,ҝавалы,7,кокан,4,кокó/н,4
the herd,стадо (овец),the herd,1,рехьет1,2,риъвар,3,риъвар,3,риъвар,3,риъвар,3,"ихьва, ихьва-хъир","4,5",ракъва,6,ракъва,6,,,,,,,РЕХЬÉТI,2,"рехъен (ав), руар подтвердил","7,8",руар,8,руар,8,руар,8,сүрү; нахыр,"9,10","сирив, йылкъы, тувар, гезив (гьайванлар)","9,11,12",рехъéн,7
the mother-in-law,тёща/свекровь,#N/A,1,илйакьер,2,илйакьер,2,,,,,,,,,,,,,,,,,,,илакьар,2,,,,,,,,,теща/qaynana,3,къайнана,3,я/кьáд,4
the rosary,четки,the rosary,1,салатабди,2,салатди,2,салатди,2,салатди,2,"салатди, ч1умал (ав)","2,3",саламатиби,2,,,шалата,4,,,,,,,САЛÇТ,5,салаг1ат,5,салаг1ат,5,саляг1ат,5,салаг1ат,5,təsbeh,6,"зувгьанлар, тасбигьлер","6,7",na,NA
the whip,"кнут, хлыст (для лошади)",the whip,1,0,,жваркьел,2,жваркьел,2,жваркье,2,жваркье,2,жоркьил,2,,,чикье,3,,,чикье,3,,,ЖВАРКЬИМ,2,жваркьим,2,жваркьим,2,не знаю,0,не знаю,0,чубуг; гамчы; гырманҹä,"4,5",къамучу,5,цIал,6
the sugar,сахар,the sugar,1,чакар,2,чакар,2,чакар,2,чакар,2,чакар,2,чакар,2,чака,2,чака,2,,,,,,,чакар,2,"чакар подтвердил, писук","2,3",,,чекер,2,чекер,2,шəкəр; гəнд,"2,4",шекер,2,чакар,2
the soap,мыло,the soap,1,ссапун,2,сапун,2,сапун,2,сапун,2,сапун,2,сапун,2,сагьу,3,сагьу,3,,,,,,,САПУН,2,сапун,2,,,сапун,2,сапун,2,сабун,2,сапун,2,сапун,2
the wine,вино,the wine,1,0,,вино,1,ч1агьир аварское,2,,,вино,1,вино,1,,,вино,1,,,чагъи,3,,,Čарóбодоб,4,мед,5,вино,1,"вино, ч1аг1а","1,6",вино,1,шəраб; чахыр,"7,2","чагъыр (виноградное), гьаракъы (самогон)",2,"чагъир, жа / простор. разг. (водка) гIаракъи",2
the table,стол,the table,1,уст1ул,2,уст1ул,2,уст1ул,2,уст1ул,2,уст1ул,2,уст1ул,2,ушт1у,2,уст1у,2,,,,,,,истóл,2,уст1ул,2,ист1ул,2,устуль,2,стол,1,маса; RUS,"1,3",стол,1,стол,1
the paper,бумага,the paper,1,кагъат,2,кагъат,2,кагъат,2,кагъат,2,кагъат,2,кагъат,2,,,кагъа,2,кагъа,2,,,,,кагъар,2,кагъаль,2,кагъаль,2,кагъаль,2,кагъаль,2,kağız,2,къагъыз,2,кагъат,2
the shop/store,магазин,the shop/store,1,тукан,2,тукан,2,тукан,2,тукан,2,тукан,2,тукин,2,тука,2,тука,2,,,,,,,ТУКÁН,2,тукан,2,,,тукан,2,тукен,2,mağaza,1,тюкен,2,тукен,2
the school,школа,the school,1,ушкул,2,ушкул,2,ушкул,2,ушкул,2,ушкул,2,ушкул,2,ушку,2,ушку,2,,,,,,,ишкол,2,ушкул,2,школа,1,ишкул,2,школа,1,məktəb,3,"школа, мактап","1,3",школа,1
the mule,мул,the mule,1,0,,г1урц1ина,2,г1урц1ина,2,г1урц1иня,2,г1урц1иня,2,х1орцин,2,имихи,3,?,,,,,,,,ГЪÓРЦIОМ,2,кунт1а гьами,4,,,г1орц1им,2,кунт1а гьами,4,qatır,5,къачыр,5,гIорцIен,2
the oats,овёс (чем кормят лошадей),the oats,1,ниха,2,ниха,2,"берч1ин, ниха подтвердил, а берч1ин наверное рожь","2,3",беч1ин муъа ниха подтвердил,"2,3","беч1ин ячмень, ниха может быть подтвержил","2,3","беч1ин ячмень, ниха может быть подтвержил","2,3",ниха,2,?,,,,,,,,НИХА,2,подтвердил ниха,2,,,ниха,2,"беч1ин, ниха не овес",3,yulaf,4,"сулу, ныха","2,5",неха (ниха),2
the pencil,карандаш,the pencil,1,къалам,2,къалам,2,къалам,2,къалам,2,къалам,2,къалам,2,къала,2,къала,2,,,къала,2,,,къалáм,2,къалам,2,къалам,2,къалам,2,къалам,2,karandaş,1,карандаш,1,къалам,2
the brick,кирпич,#N/A,1,кербеч,2,"кирпич, кербеч тоже говорят","1,2",кербеч,2,кирпич,1,кирпич,1,кирпич,1,кирпич,1,кипичи,3,,,кипичи,3,,,КИРПИЧ,1,кирпич,1,кирпич,1,кирпич,1,кирпич,1,kərpic,1,керпич,1,кирпич,1
the tobacco,табак,the tobacco,1,тамахьу,2,тамахьу,2,тамахьу,2,тамахьу,2,"къех1 то что сажают, тамахьу подтвердил","1,2","къех1 то что сажают, тамахьу подтвердил","1,2",тахьо,4,"хъалима сигарета, тахьо подтверджил",4,,,,,,,тамако,2,тамахьва,2,"паруз (папироса), тамахьо",2,тамахьв,2,тамахьв,2,tütün,6,тамакю,2,тамахьо,2
the towel,полотенце,the towel,1,0,,палатенце,1,палатенце,1,палатенце,1,палатенце,1,палатенце,1,палатенце,1,палатенце,1,палатенце,1,,,,,ПАЛАТИНЦ,1,палатенце,1,,,палатенце,1,палатенце,1,dəsmal,2,"чюй явлукъ, бет явлукъ","3,4","полотенце, гьумербацIцI","1,5"
the pepper,перец (черный),the pepper,1,пучч,2,почч (любой перец),2,перец,1,пуч,2,"подтверждает пучч на молотый перец, обычно рус",2,перец,1,перец,1,рус,1,,,,,,,"исибурат - красный, пуч - черный, пипил - красный стручковый","2,3",перец,1,,,"пуч, перец","1,2",перец,1,bibər,4,"бурч, жибижей, иссиот","5,6","пилпил, пучч","2,7"
the lion,лев,the lion,1,гъалбац1,2,гъалбац1,2,гъалбац1,2,гъалбац1,2,гъалбац1,2,гъалбац1,2,гъабац1е,2,подтвердил гъабац1е,2,,,,,,,ГЪÁЛБАЦI,2,гъалбац1,2,гъалбац1,2,гъалбац1,2,гъалбац1,2,aslan,3,"арсланкъаплан, арслан",3,гъалбацI,2
the number,"цифра, число",#N/A,1,тарих,2,тарих,2,,,не знаю,,не знаю,,тарих,2,тарихи,2,тариха,2,,,,,,,тарих,2,тарих (ав подтвердил),2,,,тарих,2,тарих,2,nömrə (число),3,"цифра, санав","1,4","число, рикIкIен","1,5"
the lamp or torch,"фонарик, лампа",#N/A,"1,2",панвар,1,чирахъ,3,чирахъ,3,чирахъ,3,"лампа, чирахъ","1,3","лампочка, чирахъ (это керосинка)","1,3",чирахъе,3,фанари,1,,,,,,,чирахъ,3,"фанарик, чирахъ","1,3",чирахъ,3,панар,1,панар,1,fənər (фонарь),1,лампа,2,"фонарь, чирахъ","1,3"
the week,неделя,the week,1,гьакьу,2,гьакьу,2,гьакьу,2,гьакьу,2,гьакьу,2,гьакьу,2,акьо,2,акьо,2,,,,,,,ГЬАКЬВ,2,"гьакь (семь), также расческа",2,,,"гьакь (семь), также расческа",2,"гьакь (семь), также расческа",2,həftə,3,жума,4,анкь,5
the glass,стекло,the glass,1,"лампа, мат1у","2,3",мат1у,3,мат1у,3,мат1у,3,мат1у,3,ц1ерда,4,жари,5,жари,5,,,,,,,ЛАПÁН,6,мат1в,7,мат1,7,мат1,7,мат1,7,şüşə,8,шиша,8,цIер (=также лёд); шиша,"4,8"
the rice,рис,the rice,1,пулав,2,пулав,2,пулав,2,пулав,2,пулав,2,рис,1,гьуло,3,гьуло,3,,,,,,,пулáв,2,рис,1,,,рис,1,не знаю,,düyü,4,дюгю,4,пиринчI,5
the cup,чашка,the cup,"1,2","ц1ц1аНт1ур, кь1елкь1а - деревянная","3,4",куружка,2,,,куружк1а,2,куружк1а,2,кружка,2,куружка,2,гурушка,2,,,,,,,0,,подтвердил,2,шот1а,5,"чашка, шот1а подтвердил","2,5",чашка,2,fincan,6,"чашка, пинжан","2,7","чашка, чай гьекъолеб суркIа",2
the bottle,бутылка,the bottle,1,шишав,2,шишав,2,шишав,2,шишав,2,шишав,2,шиша,2,,,шиша,2,шиша,2,,,,,шишá,2,шиша,2,шиша,2,шишва,2,шиша,2,şüşə,2,шиша,2,шиша,2
the pipe,трубка курительная,the pipe,1,0,,NA,,муштук,2,муштук,2,маршу,3,трубка,1,муштуки,2,?,,,,,,,,0,,муштук,2,,,муштук,2,павруз,4,boru,5,юлле,6,"цIулал хъалиян, хулхул хъалиян, трубка",7
the pocket,карман,the pocket,1,"кисай, чалта","2,3",второй (первое - карман на рубашке),3,чалта,3,чалта,3,чалта,3,чанта,3,таха,4,таха,4,,,таха,4,,,"кис}, чаНт}","2,5",талъа,6,талъа,6,талъа,6,талъа,6,ҹиб,7,кисе,2,"чванта, киса","2,3"
the colour/color,цвет,the colour/color,1,кьере,2,кьере,2,кьере,2,кьере,2,кьере,2,кьери,2,кьери,2,кьери,2,,,,,,,кьер,2,подтвержил,2,кьер,2,кьер,2,кьер,2,рəнҝ; чичəк; ҝүл,"3,4,5","тюс, ренк, бояв","6,7,8",кьер,2
the gun,ружьё,the gun,1,тупе,2,тупе,2,тупе,2,тупе,2,"ярагъ, тупе подтвердил","2,3",туманг,4,тугьи,5,тугьи,5,,,,,,,туп / туб,2,"таманча (пистолет), туп подтвердил","2,6",,,туманк1,7,туманк1,7,түфəнҝ,7,тюбек,8,туманкI,7
the copper,медь,the copper,1,"гьезе, пахьу","2,3","первое бронза, второе правильно",3,гьезе,2,"гьезе, пахьу","2,3","гьезе бронза, пахьу медь","2,3",палъи,4,гьач1а,5,подтвердил,5,,,,,,,пащ,6,пащ,6,,,паш,6,йез,7,мис,8,"багъыр, ез","9,10",пахь,3
the gold,золото,the gold,1,месед,2,месед,2,месет,2,месед,2,месет,2,мисид,2,мишиди,2,мишиди,2,,,подтвердил,2,,,месéр,2,месед,2,месед,2,месед,2,месед,2,гызыл,3,алтын,4,месед,2
the ball,"мяч, шар",the ball,"1,2",соло-соло,3,соло-соло,3,соло-соло,3,соло-соло,3,"со-соло, соло-соло",3,торг1у,4,гужила,5,гужила,5,,,,,,,квáтара,6,къат1ара,6,,,къат1ара,6,къат1ара,6,топ,7,топ,7,торгIо (мяч),8
the window,окно,the window,1,гьиНгвар,2,гьиНгвар,2,гьиНгвар,2,гьиНгвар,2,гьиНгвар,2,гьингур,2,иго,3,иго,3,,,,,,,гьýНгар,2,гьунга,2,,,гьунга,2,гьунга,2,пəнҹəрə; дəлик; дешик,"3,4,5",терезе,6,горду,7
the trousers,брюки,the trousers,1,шарбал,2,шарбал,2,шарбал,2,шарбал,2,шарбал,2,шалпар,2,,,бата,3,бата,3,,,,,бáта,3,барта,3,барта,3,барта,3,барта,3,шалвар,2,"шалбар, иштан","2,4","na, тIажу (штаны)",5
the chain,цепь,the chain,1,раххасс,2,раххас,2,раххасс,2,раххасс,2,раххасс,2,раххасс,2,рахаси,2,"цепи, рахаси подтвердил","1,2",,,,,,,лахáц,3,раххаз,2,рахаз,2,рахаз,2,рахаз,2,"zəncir (здесь был восклицательный знак, непонятно почему)",4,шынжыр,4,"рахас, синжир","2,4"
the fork,вилка,#N/A,1,маъа,2,маъа,2,маъа,2,маъа,2,маъа,2,г1анк1ва,3,шиши,4,,,,,"вилка, шиши","1,4",,,гIучI,5,к1аса,6,"вилка, к1аса - палка","1,6",вилка,1,"вилка, г1уч1","1,5",чəнҝəл,7,чиш,8,гIучI,5
the reindeer/caribou,олень,the reindeer/caribou,1,рит1уч1,2,чане (рит1уч1 с ветвистыми рогами),"2,3",чане,3,чане,3,чане,3,рит1уч1,2,чани,3,рит1уч1е,2,,,,,,,гъвáлчIа,4,чан,5,,,"рит1уч1 (с рогами), чан","2,5",рит1уч1,2,maral,6,къубагийик,7,ритIучI,2
the time,время,the time,1,"къару, заман, рег1а, ригьи, завал","2,3,4,5",замана,3,замана,3,замана,3,заман,3,замана,3,зама,3,зама,3,,,зама,3,,,"замáна, къар","3,6",заман,3,заман,3,заман,3,заман,3,"vaxt (здесь был восклицательный знак, непонятно почему)",7,"заман, вакъти, сагьат","7,8,9","заман, мех, гIуж","3,10,11"
the money,деньги,the money,1,"г1арсе, шагьи-кепек","2,3","г1арсе, шагьи-кепек","2,3","г1арсе, шагьи-кепек","2,3","г1арсе, шагьи-кепек","2,3","г1арсе, шагьи-кепек","2,3",г1арци,2,ачи,4,ачи,4,,,ачи,4,,,ас,5,ац,5,ац,5,ац,5,ац,5,pul,6,акъча,7,гIарац,8
the soup,суп,the soup,1,чорпа,2,чорпа,2,чорпа,2,чорпа,2,чорпа,2,чурпа,2,чупа,2,чупа,2,,,,,,,0,,чорпа,2,чурпа,2,чурпа,2,чурпа,2,şorbası,2,шорпа,2,чурпа,2
the lead,свинец (из чего пули),the lead,1,т1оше,2,т1оше,2,т1оше,2,т1оше,2,сомневается,,т1ухьи,3,т1оша,2,?,,,,,,,,тIощ,2,т1ош,2,,,т1ош,2,"чаран наверное, не различаю",4,qurğuşun,5,къоргъашын,5,тIухьи,3
the scythe,коса,the scythe,1,"ххарицен, хъашт1а","2,3",второе (первое - серп),3,хъашт1а,3,хъашт1а,3,хъашт1а,3,хъашта,3,хъадиро,4,хъалица (хъаНдиро - женский серп),2,,,,,,,харицел,2,халици,2,халици,2,халици,2,халици,2,na,,чалгъы,4,харицел,2
the sickle,серп,the sickle,1,,,не то что-то,,харицан,2,"харицел, харицан","2,3","харицел, харицан","2,3",хъандиру,4,хъадиро,5,хъадиро,5,,,,,,,нича,6,? не точно,,,,как коса?,,халици,2,oraq,7,оракъ,7,"нилъ, хъандиро","4,8"
the spectacles/glasses,очки,#N/A,1,гьарк1ай,2,гьарк1ай,2,"ачки, гьаркьай","1,2","ачки, гьаркьай","1,2",гьарк1ай,2,"очки, гьарк1еди","1,2",очки,1,очки,1,,,,,,,гьáчIа,3,"очки, мат1илъ гьач1и (зеркальные глаза)","1,3",,,гьач1и,3,гьач1и,3,eynək,4,гёзелдириклер,5,цIороберал,6
the paint,краска,the paint,1,лажбар,2,релъан (лажбар - это конкретно при ремонте),3,"краска, которой красим если - то лажбар",2,лажбар,2,краска,1,лажбар,2,"краска, лажиба тоже говорят","1,2",краска,1,,,,,,,ладжибáр,2,краска. нажбар,"1,2",нажбар,2,краска,1,краска,1,boya,4,"бояв, сыр","4,5","лажбар, релъен","2,6"
the prison,тюрьма,the prison,1,туснахъ,2,туснахъ,2,туснахъ,2,туснахъ,2,туснахъ,2,туснахъ,2,туснахъа,2,туснахъа,2,,,,,,,туснáхъ,2,туснахъ,2,туснахъ,2,туснахъ,2,турьма,1,həbsxana,3,"туснакъ, зиндан","2,4",туснахъ,2
the silver,серебро,the silver,1,г1арсе,2,г1арсе,2,г1арсе,2,"гьезе бронза, г1арсе серебро подтвержил",2,"гьезе бронза, г1арсе серебро подтвержил",2,г1арцци,2,ачи,3,ачи,3,,,,,,,ас,3,ац,3,,,ац,3,ац,3,gümüş,4,гюмюш,4,гIарац,5
the lock,замок (навесной),#N/A,1,маххе,2,маххе,2,маххе,2,маххе,2,маххе,2,рахе,3,рик1алълъли,4,рик1алълъли,4,,,рик1алълъли,4,,,рéкIул,5,к1уляр,6,к1улар,6,к1уляр,6,к1уляр,6,qala,7,кирит,8,"кIулал, кирит, рахай","6,8"
the mortar(2),известковый раствор,the mortar(2),1,гаче,2,гаче,2,гаче,2,гаче,2,гаче,2,гач билъилаледу,2,,,киражи,3,,,киражи,3,,,гарч / гач,2,гач,2,гач,2,гач,2,гач,2,minaatan,4,киречли сув,3,гачил раствор,2
the cross,крест,the cross,1,чаНчалик1,,NA (это крести в картах),,крест,1,чанчалик1 крести,,крест (чаНчалик1 - крести),1,хъанч,2,хъанч,2,"подтвердил, аварское",2,,,,,,,хъаНч,2,хъанч,2,хъанч,2,хъанч,2,хъанч,2,keçmək,3,хач,2,хъанч,2
the fist,кулак,the fist,1,зай,2,зай,2,зай,2,ззай,2,зай,2,зе,2,жари,3,жари,3,,,,,,,гьýнчIа,4,зай,2,зай,2,зай,2,зай,2,yumruq,5,юмурукъ,5,зар,2
the tiger,тигр,#N/A,1,ц1ц1иркъ,2,ц1ц1иркъ,2,ц1иркъ,2,ц1иркъ,2,ц1иркъ,2,не ц1иркъ - это рысь,,так же ка клев,3,,,,,,,,,0,,гьалбац1,4,ц1иркъ,2,ц1иркъ,2,ц1иркъ,2,pələng,5,"къаплан, тигр","6,1",цIиркъ,2
the scabies,чесотка,#N/A,1,хъашхъар,2,хъашахъар,2,хъашхъар,2,,,,,,,хъашда,3,хъашда,3,,,,,,,хъирис,4,ц1ин1ар,5,хъирис,4,хъирис,4,хъирис,4,keçəl,6,къычыв,6,хъирис,4
the joke,шутка,the joke,1,масхъара,2,масхъара,2,масхъара,2,масхъара,2,масхъара,2,масхъара,2,махсаро,2,махсара,2,,,,,,,масхъáра,2,масхара,2,махсара,2,махсара,2,махсаро,2,zarafat,3,"масхара, самаркъав","2,4",махсара,2
the spade,лопата,the spade,1,"квабахх (деревянная), беле (железная)","2,3",беле,3,белле,3,белле,3,беле,3,бел,3,по-русски,1,лопатка,1,,,,,,,"бегьýн - деревянная, рéхéн деревянная, бел - железная","4,5",бель,3,бель,3,бель,3,бель,3,kürümək,6,"бел, кюрек, лопата","3,6,1","бугьун, бел","3,4"
the scissors or shears,ножницы,the scissors or shears,1,к1ваНкьибди,2,к1ваНкьибди,2,к1ваНкьибди,2,к1ваНкьибди,2,к1ваНкьибди,2,к1ункьиби,3,квакьела,4,квакьела,4,,,,,,,къвáНкьа,2,къванкьила,2,,,къванкьила,2,къванкьила,2,qayçı,5,къайчы,5,кIвекьмахх,6
the blanket,одеяло,the blanket,1,"ургъан, адийал","1,2","первое (ватное толстое), адия","1,2",ургъан,2,ургъан,2,ургъан,2,"иргъан (стеганое, адияло","1,2",игъва,3,адия,1,,,,,,,"гьáго // гьáгва - из овчины, эргъвáн / иргъвáн — стёганое","2,3",эргъун,2,,,эргъун,2,эргъун,2,yorğan,2,"ювургъан, шаршав, тёшек шаршав","2,4,5","юргъан, одеял","1,2"
the fermented drink,буза,the fermented drink,1,ч1аг1а,2,ч1аг1а,2,"мед, ч1аг1а самогон","2,3","мед, ч1аг1а самогон","2,3",оба,4,ч1аг1а,2,,,чаг1а,2,ч1аг1а,2,,,,,0,,мед,3,мед,3,мед,3,не знаю,,gürültü,5,боза,1,чIагIа,2
the key,ключ,#N/A,1,рек1ул,2,рек1ул,2,рек1ул,2,рек1ул,2,рек1ул,2,рек1ул,2,рик1алълъли,3,рик1алълъли,3,,,рик1алълъли,3,,,рéкIул,2,рек1ум,2,рек1ум,2,рек1ум,2,рек1ум,2,açar,4,ачгъыч,5,кIул,6
the goose,гусь,the goose,1,хъаз,2,хъаз,2,хъаз,2,хъаз,2,хъаз,2,хъаза,2,хъази,2,хъази,2,,,хъази,2,,,хъаз,2,хъаз,2,неясно,,неясно,,неясно,,dərzi ütüsü,3,къаз,2,хъаз,2
the sea,море,the sea,1,релъа,2,релъа,2,"море, лъерса","1,3",релъа,2,релъа,2,релъа,2,ралъа,2,море,1,,,,,,,рéлгьа,2,0,,,,ралъа,2,ралъа,2,dəniz,4,денгиз,4,ралъад,2
the garden,сад,the garden,1,ахе,2,ахе,2,ахе,2,ахе,2,ахе,2,агьи,2,ахъи,2,ахъикьи,2,,,,,,,0,,ах,2,,,ах,2,агь,2,bağ,3,бав,3,ах,2
the duck,утка,the duck,1,ордок,2,ордок,2,ордок,2,ордок,2,ордок,2,урдык,2,,,бабуше,3,,,,,,,"бабýш, оьрдек - дикая","2,3",0,,хъаз,4,,,ордек,2,ördək,2,"оьрдек, бабиш","2,3",ордек,2
the arch,арка,the arch,1,к1амур,2,"сорер, кьиба","3,4",к1амур,2,к1амур,2,"гургин круглый буквально, к1амур подтверждает",2,акъва,5,,,к1аму,2,к1аму,2,,,,,кIáмур,2,к1авун,2,к1авун,2,к1авун,2,подтвердила,2,tağ,6,гюмез,7,NA,NA
the wheel,колесо,the wheel,1,диду,2,диду,2,диду,2,диду,2,диду,2,гури,3,к1илик1а,4,к1илик1а,4,,,к1илик1а,4,,,"гъáрбичо - у машины, чархъ / чахъ - на швейной машине","5,6",гиличо,7,гиличо,7,"гор круг, гиличо",7,гиличо,7,təkər,8,дёгерчик,9,"гьоко, гьакибер, чарх","10,11,12"
the grape,виноград,the grape,1,ц1ибил,2,ц1ибил,2,ц1ибил,2,ц1ибил,2,ц1ибил,2,ц1ебила,2,ахъи,3,ахъи,3,,,ахъи,3,,,"агь, къáра-цIибил, чóрма","2,4,5",ц1ибил,2,ц1ибил,2,ц1ибиль,2,ц1ибиль,2,üzüm,6,юзюм,6,цIибил,2
the hammer,молоток,the hammer,1,корт1а,2,корт1а,2,корт1а,2,корт1а,2,корт1а,2,корт1а,2,кот1а,2,кот1а,2,,,,,,,кóртI|,2,курт1а,2,,,курт1а,2,курт1а,2,çəkic,3,чёкюч,4,квартIа,2
the clan,"тухум, род",the clan,"1,2","тухум, гьекьебо","1,3",кьибил (корень),3,тухум,1,тухум,1,"тухум, кьибил подтверждает, тухум-кьибил родословная","1,3","тухум, кьибил тоже","1,3",кьибил,"1,3",г1агалъи (родственники),4,,,,,,,0,,кьибиль,3,кьибиль,3,тухум,1,тухум,1,tuhum,1,тухум,1,тухум,1
the poison,яд,the poison,1,загьру,2,загьру,2,загьру,2,загьру,2,загьру,2,загьру,2,загьиро,2,загьиро,2,,,,,,,зáгьру,2,загьру,2,загьру,2,загьру,2,загьру,2,zəhər,2,?,,загьру,2
the boundary,"граница, межа",the boundary,1,"г1орхъе, х1ат","2,3",первое,2,первое,2,первое,2,первое,2,г1орхъи,2,г1охъи,2,подтвердил,2,,,подтвердил,2,,,гIорхъи,2,г1орхъи,2,гьуа (г1орхъи - граница между селениями),"2,4",г1орхъи,2,г1орхъи,2,sərhəd,5,дазу,6,гIурхъи,2
the guard,"охрана, охранник, караульный (?)",#N/A,"1,2",хъаравуллер,2,ахрана,1,пропустили,,,,ц1иНер,3,сторож,4,ахира,5,ахра,1,,,,,,,"цIýнидар, ахрáн, хъарáв // хъарáвул","6,7,1",ахран,1,,,ахран,1,караул,2,müdafiə,8,къаравулчу,2,цIуни,3
the sledge/sled,санки,the sledge/sled,1,"артаНди, чанагъабди","2,3",первое,2,санкилди,1,санкибди,1,"санки, чагъан искусственно сделанный","1,3",чанагъ,3,чанагъа,3,санка,1,,,,,,,"гелегáби, чагъáна","3,4",чанах,5,,,чанагъ,3,чанагъ,3,na,,"чана, чаналар",3,гьитIинал чанагъал,3
the price,цена,the price,1,"багьа, къимйат","2,3",багьа,2,багьа,2,багьа,2,багьа,2,багьа,2,багьа,2,багьа,2,,,,,,,багьá,2,багьа,2,багьа,2,багьа,2,багьа,2,qiymət,3,"багьа, къыймат, гьакъ","2,3,4","багьа, къимат, мухь","2,3,5"
the saw,пила,the saw,1,ххердоб,2,ххердоб,2,ххердоб дала,2,ххердоб дала,2,ххердоб дала,2,хъухъаб диру,3,хъухъа диро,3,хъухъа диро,3,,,,,,,хъихъвáниб,4,хъохъодира,5,,,хъохъодира,5,хъохъодира,5,mişar,6,бычгъы,7,хъухъадиро,5
the medicine,лекарство,the medicine,1,дару,2,дару,2,дару,2,дару,2,дару,2,дару,2,дару,2,дару,2,,,,,,,"дармáн, дарý","2,3",дару,2,дару,2,дару,2,дару,2,tibb,4,дарман,3,"дару, дарман","2,3"
the potato,картошка,#N/A,1,"къеч1у, къоло","2,3",второе (первое слово - лепешка),3,къоло,3,къоло,3,къоло,3,картошка,1,къоле,3,катуши,4,,,катуши,4,,,гIурýскъол,5,г1урус къа,5,г1урус къа,5,г1урус къа,5,г1урус къол,5,kartof,1,"картоп, картошка",1,картошка,1
the family,семья,the family,1,"агьлу, куНт1а-гьарк1к1е, хъизам","2,3,4",хъизан,4,хъизам,4,хъизам,4,хъизам,4,хъизам,4,хъиза,4,хъиза,4,,,,,,,"кулпáт, хъизáн","4,5",хъизан,4,,,хъизам,4,хъизан,4,ailə,6,"уягьлю, агьлю",6,хъизан,4
the glue,клей,#N/A,1,ссини,2,ссини,2,ссини,2,"клей, ссини (пластмасса тоже)","1,2",сину,2,сини,2,шини,2,шини,2,,,шини,2,,,син,2,сина додан,2,"сину (ав), по нашему не знаю",2,клей,1,син,2,yapışqan,3,"къалыкъ, клей, чырыш","1,4,5",сину,2
the bridge,мост,the bridge,1,кьеру,2,кьеру,2,кьеру,2,кьеру,2,кьеру,2,кьеру,2,кьира,2,кьира,2,,,,,,,кьер,2,кьер,2,,,кьер,2,кьер,2,körpü,3,кёпюр,3,кьо,4
the friend,"друг, приятель",the friend,1,чокъа,2,"чокъа, гъалмагъ - аварское","2,3",чокъа,2,чокъа,2,чокъа,2,"гъалмагъ, гьудул","3,4",гьамагъе,3,гьамагъе,3,,,ц1еве,5,,,0,,"гьудул, гьалмагъ","3,4",гьалмагъ,3,гъалмагъ,3,гъалмагъ,3,dost,6,"къурдаш, ёлдаш, ювукъ, дост ёлдаш","6,7,8,9",гьудул,4
the nail,гвоздь,the nail,1,"гьаНк1ва, х1аНк1ва","2,3",гьанк1ва,2,гьанк1ва,2,гьанк1ва,2,гьанк1ва,2,гьанк1ва,2,микъе,4,микъе,4,,,микъе,4,,,гьáкIва,2,гьанк1ва,2,гьанк1ва,2,гьанк1ва,2,гьанк1ва,2,dırnaq,5,"мых, чюй","6,7",магI,8
the fork(2)/pitchfork,вилы,#N/A,1,к1ваНкьа,2,к1ванкьа,2,к1ванкьа,2,к1ванкьа,2,к1ванкье,2,к1онкьа,2,лъано,3,лъано,3,,,лъано,3,,,кIвáНкьа,2,к1ванкьа,2,к1ванкьа,2,к1ванкьа,2,к1ванкьа,2,yaba,4,сенек,5,,
the tongs,"щипцы, клещи",the tongs,"1,2",гъец1е,3,гъец1е,3,гъец1е,3,гъец1е,3,гъец1е,3,гъец1и,3,гьец1и,3,?,,,,,,,,гъецIв,3,гьец1,3,гьец1,3,гьец1,3,гьец1,3,maşa (щипцы),4,"маша, келпете","4,5",гъецI,3
the pumpkin or squash,тыква,the pumpkin or squash,1,,,,,,,да,1,да,1,хъабахъ,2,хъабахъо,2,хъабахъо,2,,,,,,,гамýз,3,дажик1,4,дажик1,4,дажик1,4,дажик1,4,balqabaq,5,къабакъ,2,хъабахъ,2
the spoon,ложка,the spoon,1,"бегьун, гъеру","2,3",первое (второе - деревянная),"2,3",первое (второе - деревянная),"2,3",первое (второе - деревянная),"2,3",первое (второе - деревянная),"2,3",бегьун,2,сиква,4,сиква,4,,,,,,,"квагь - глубокая, бегьýн - неглубокая","2,5",бегьун,2,бегьун,2,бегьун,2,бегьун,2,qaşıq,6,къашыкъ,6,"гъуд, балухъ, бугьун","2,7,8"
the soul or spirit,"душа, дух",#N/A,1,"дару-дарман, рак1ва, рух1е","2,3,4",второе и третье,"3,4",рух1е,4,рух1е,4,рух1е,4,рух1,4,рух1и,4,,,,,рух1и,4,,,"рáкIва, рухI","3,4","ракъва, рух1 тоже есть","3,4",рак1о,3,рак1ва,3,,,can,5,"ругь, жан, юрек",6,рухI,4
the mirror,зеркало,the mirror,1,"мат1у, бек1иНдоб","2,3",мат1у (и стекло тоже) (смотрящее зеркало бек1индоб мат1у),2,мат1у (и стекло тоже) (смотрящее зеркало бек1индоб мат1у),2,мат1у (просто стекло),2,мат1у (и стекло тоже) (смотрящее зеркало бек1индоб мат1у),2,мат1у,2,мат1у,2,мат1у,2,мат1у,2,мат1у,2,мат1у,2,матIý,2,мат1,2,мат1,2,мат1,2,мат1,2,güzgü,3,гюзгю,3,матIу,2
the drum,барабан,the drum,1,дане,2,дане,2,дане,2,дане,2,"барабан, жергъен бубен","1,3",дану,2,,,гвама,4,гвама,4,,,,,двай,4,двай,4,двай,4,двай,4,двай,4,nağara,5,"накъыра, барабан","5,6",,
the maize/corn,кукуруза,the maize/corn,1,щамакъуру,2,щамакъеру,2,шамакъуру,2,шамакъуру,2,шамакъуру,2,х1еч1къир,3,ч1акъиру,3,ч1акъиру,3,,,,,,,чакáлъара,3,шамакъар,2,шамакъар,2,шамакъар,2,шамакъар,2,qarğıdalı,4,гьабижай,5,цIоросаролъ,6
the slave,раб,the slave,1,лагъе,2,"хъазахъ, лагъе тоже можно","2,3",лагъ (ав),2,лагъ (ав),2,лагъ,2,лагъи,2,лагъи,2,?,,,,,,,,лагъ,2,"лагъ это по-аварски,",2,,,гъаравуш (за меня работающий человек),4,лагъ,2,qul,5,къул,5,лагъ,2
the needle(1),игла,the needle(1),1,"бежун, къиНдоб","2,3",первое (второй слово - “шьющая”),2,первое (второй слово - “шьющая”),2,первое (второй слово - “шьющая”),2,первое (второй слово - “шьющая”),2,бежун,2,межу,4,межу,4,,,межу,4,,,бéжун,2,бежун,2,бежун,2,бежун,2,бежун,2,iynə,5,ине,5,рукIкIен,6
the corpse,труп,the corpse,1,джаназа,2,джаназа,2,джаназа,2,джаназа,2,"мусру, джаназа подтвердил","2,3","мусру, джаназа подтвердил","2,3",жаназа,2,джаназа,2,,,,,,,къаркъáла,4,"жаназа (ав, подтвердил)",2,жаназа,2,жаназа,2,жаназа,2,cəsəd,5,"оьлген къаркъара, сюек","5,6","жаназа (человеческий), балкан (животное)",2
the work,работа,the work,1,ришаНхъер,2,ришаНхъер,2,ришаНхъер,2,ришаНхъер,2,ришаНхъер,2,тухала,3,кукъи,4,кукъи,4,,,,,,,"тóхала, хIалтIи, хIáлтIидар","3,4,5",х1алт1и,4,,,тухали,3,тухали,3,iş,6,иш,6,хIалтIи,4
the flour,мука (пшеничная),the flour,1,хъороб,2,хъороб,2,хъороб,2,хъороб,2,хъороб,2,хъолур,2,аталълъи,3,аталълъи,3,,,,,,,гьатI,4,гьат1,4,,,гьат1,4,гьат1,4,un,5,ун,5,"гIазаб, гIакъуба","6,7"
the axe/ax,топор,the axe/ax,1,аНжито,2,аНжито,2,аНжито,2,анжитобо,2,анжито(бо),2,г1анжит,2,ажите,2,ажите,2,,,,,,,аНжитв,2,анжит,2,анжит,2,анжит,2,анжит,2,balta,3,балта,3,гIащтIи,4
the floor,пол,#N/A,1,0,,ч1абар,2,"гьардис мак1ва, ч1абар подтвердил","2,3","гьардис мак1ва, ч1абар земляной пол","2,3","гьардис мак1ва, ч1абар подтвердил","2,3","гьардис мак1ва, ч1абар подтвердил","2,3",къода,4,къода,4,,,,,,,чIарбил,5,хатах мак1а,6,,,хатах мак1а,6,хатах мак1а,6,mərtəbə,7,"жабар, уьйню тюбю, ер","8,9,10",рукъалъул чIабар,11
the cat,кошка,the cat,1,"иссо, бугъурк1а","2,3",иссо (второе не то),2,иссо,2,иссо,2,иссо,2,кету,4,кето,4,кету,4,,,,,,,китв,4,чет,5,чет,5,чет,5,чет,5,pişik,6,мишик,6,"кето, гъанцIа, гъецI","7,8,9"
the wall,стена,the wall,1,къиН,2,къин,2,къиН,2,къиНй,2,къийН,2,къин,2,къеда,2,къеда,2,,,,,,,къин,2,къинда,2,къинда,2,къинда,2,къинда,2,divar,3,"там, чыр","4,5",къед,2
the cattle,крупный рогатый скот,the cattle,1,х1ванил1,2,бец1ур (в словаре непонятно),3,,,,,,,,,,,,,,,,,,,бечI,4,х1айванади,2,,,,,,,mal-qara,6,къара тувар (рогатый скот),7,"чIегIербоцIи, ħaywan","2,8"
the debt,долг,#N/A,1,"т1адаб, парз","2,3",къарз,4,къарз,4,"налъи ав, къарз подтвердил","4,5","налъи ав, къарз подтвердил","4,5",гьеби,6,гьебе,6,гьебе,6,,,"къази, гьебе тоже подтвердил","4,6",,,"къарз, нáлгьи, парз","2,4,5",къаз,4,налъи,5,"къаз, налъи","4,5","кьарз, налъи","4,5",borc,7,борч,7,"налъи, борч, тIадаб жо, гьабизе тIадаб иш, къарз","4,5,7"
the pig,свинья,the pig,1,"болъон, дуНгъуз, хъапан","2,3,4","первое, (дунгуз - это трутень)",2,болъон,2,болъон,2,"хъабан дикая, болъон домащняя после разудмичй","2,4",болъон,2,болъо,2,подтвердил,2,,,,,,,"болгьóн, дуНгъýз","2,3",болъон,2,,,болъон,2,болъон,2,donuz,2,донгуз,2,болъон,2
the cock/rooster,петух,the cock/rooster,1,хъут1а,2,хъут1а,2,хъут1а,2,хъут1а,2,хъут1а,2,хъут1а,2,хъелеко,3,хъелеко,3,,,,,,,куНтIáб,2,гьелеко,4,,,гьелеко,4,гьелеко,4,sik,5,хораз,6,хIелеко,4
the belt,"ремень, пояс",the belt,1,рачвал,2,рачвал,2,рачвал,2,рачвал,2,рачвал,2,рачвал,2,ракьича,3,ракьича,3,,,,,,,]áНтIа / ČáНтIа,4,рижва,5,,,рижва,5,рижва,5,qayış (ремень),6,къайыш; белбав,"6,7","рачел, гIарщ, хьвацIил чIоло","8,9,10"
the thread,нитка,the thread,1,рекун,2,рекун,2,"кару, рекун подтвердил, даже больше подходит","2,3",рекун,2,рекун,2,кору,3,квари,4,квари,4,,,,,,,квар,4,квар,4,,,квар,4,квар,4,sap,5,йип,6,"квасул, чиллайдул ва гь.ц. кун","7,8"
the iron,железо,the iron,1,куба,2,куба,2,куба,2,куба,2,куба,2,куба,2,рач1ихе,3,рач1ихе,3,,,рач1ихе,3,,,кýба,2,куба,2,куба,2,куба,2,куба,2,dəmir,4,темир,4,махх,5
the grandmother,бабушка (обращение),#N/A,1,гьерк1айлйа,2,гьерк1айле,2,гьерк1аила,2,ила,3,ила,3,илаба,3,,,ила,3,ила,3,,,,,гьиНчIайла,4,ила,3,илабаба,3,илабаба,3,илабаба,3,nənə,5,уллу ана,6,#N/A,
the wolf,волк,the wolf,1,"бац1а, хъумур","2,3",бац1а,2,бац1а,2,бац1а,2,бац1а,2,бац1а,2,бач1а,2,бач1а,2,,,бач1а,2,,,бáцIа,2,бац1а,2,бац1а,2,бац1а,2,бац1а,2,canavar,4,бёрю,5,бацI,2
the widow,вдова,the widow,1,къоролай,2,къоролай,2,къоролай,2,къоролай,2,къоролай,2,къоролай,2,,,къорола,2,къорола,2,,,,,къорóлай,2,къоролай,2,къоролай,2,къоролай,2,къоролай,2,dul,3,тул къатын,3,къоролай,2
the grandfather,дедушка (обращение),#N/A,1,гьерк1айма,2,гьерк1айма,2,гьерк1айма,2,имиа,3,имиа,3,имадада,3,има,3,има,3,,,има,3,,,гьиНчIáвима // гьиНчIáйма,4,гьеч1о има,4,имадада,5,гьеч1о има,4,има,3,baba,6,уллу ата,7,"кIудада, кIудияв эмен","8,9"
the mushroom,гриб,the mushroom,1,режабо,2,режабо,2,режба,2,режабо,2,режабо,2,г1урдалх1ан,3,г1урдах1е,3,,,,,г1урдах1е,3,,,губ,4,торша,5,"г1урдах1ан (торша на гриб может тоже говорят, не знает)",6,г1урдах1ан,6,шайт1анилъ торша (круг черта),7,göbələk,8,къолкъотур,9,гIурдахIан,6
the voice,голос,the voice,1,лъарч1ч1у,2,лъарч1ч1у,2,лъарч1ч1у,2,лъарч1ч1у,2,лъарч1ч1у,2,гьарч1у,2,лъац1о,3,лъац1о,3,,,лъац1о,3,,,хIащIв,4,гьач1,4,гьач1,4,гьач1в,4,гьач1в,4,səs,5,"тавуш, аваз, сес","5,6,7",гьаракь,8
the guest,гость,the guest,1,ц1ц1ев,2,ц1ц1ев,2,ц1ц1ев,2,ц1ц1ев,2,ц1ц1ев,2,ц1е,2,ц1еве,2,ц1еве,2,,,ц1еве,2,,,Čēв,2,ц1ев,2,ц1ев,2,ц1ев,2,ц1ев,2,qonaq,3,къонакъ,3,гьобол,4
the beak,клюв,the beak,1,суНк1а,2,суНк1а,2,суНк1а,2,суНк1а,2,суНк1а,2,гозо,3,миъи,4,миъи,4,,,миг1а,5,,,хоНхóл // хваНхáл,6,сунк1а (как рот),2,сунк1а (как рот),2,сунк1а (как рот),2,птицы нос,7,dimdik,8,къуш бурун,9,гозо,3
the wedding,свадьба,the wedding,1,бертен,2,бертен,2,бертен,2,бертен,2,бертен,2,бертен,2,мети,3,мети,3,,,,,,,бéртен,2,бетин,2,,,бертин,2,бертин,2,toy,4,той,4,бертин,2
the spider,паук,the spider,1,ххаразан,2,ххаразан,2,ххаразан,2,ххаразан,2,харазан,2,синдаркьу,3,хъахъара,4,подтвердил,4,,,,,,,нисхъара,5,балугьан,6,,,палигьан,6,хъаранис,7,hörümçək,8,"мияма, мия","9,10","нусиреч (къорола, гIанкабутI)",11
the flower,цветок,the flower,1,ццицци,2,ццицци,2,ццицци,2,ццицци,2,цици,2,гиргин,3,цици,2,цици,2,,,,,,,гигин,3,цици,2,цици,2,цици,2,цици,2,gül,4,чечек,5,тIегь,6
the scar,шрам,#N/A,1,"аНже,т1амер","2,3",анже,2,андже,2,андже,2,андже,2,рогъун,4,дигъи,5,подтвердил,5,,,,,,,ащ,2,"анл1а, анж подтверждает","2,7",анж,2,анж,2,анж,2,çapıq,8,яра дамгъа,9,ругънал (хутIараб) гIуж,10
the shoulderblade,лопатка (часть тела),#N/A,1,аъу,2,аъу,2,цолом,3,не слышал,,"цолон, аъу - плечо",3,"лопатка, аъу нет (или плечо просто говорят)",1,,,?,,,,,,,,абáгван,4,0,5,,,реля,6,реля - кисть,6,çiyin,7,яврункъалакъ,8,бугьналага,9
the dust,пыль,the dust,1,х1уре,2,х1уре,2,х1уре,2,х1уре,2,х1уре,2,х1ури,2,тата,3,тата,3,,,,,,,дáра,4,х1ур,2,,,х1ур,2,х1ур,2,toz,5,чанг,6,хIур,2
the lizard,ящерица,the lizard,1,аНччу,2,аНччу,2,аНччу,2,аНччу,2,аНччу,2,к1анччи,3, к1аццара,4,подтвердил,4,,,,,,,"чIаНщв / кI’аНщв, гьолгьол - зеленая",5,к1аншва,5,к1аншо,5,к1аншо,5,к1аншо,5,kərtənkələ,6,гесертки,7,кьинч,5
the old man,старик,#N/A,1,0,,вохаров адам,2,герк1яйма,3,"вохраво гьек1ва, бехар",2,оба,"2,3",вухарув адам,2,описательно,4,,,,,,,,,0,,вагьарув гьек1ва,2,вагьарув,2,вагьарув гьек1ва,2,вагьарув гьк1ва,2,qoca,5,"къарт гиши, къарт",6,херав чи,7
the ladder,лестница (приставная),#N/A,1,"бергьо, мулъур, к1вац1ел","2,3,4",первое,2,бергьо (обе),2,к1вац1елди (ступени) бергьо переноска,"2,4","квац1елди, бергьо","2,4",второе,3,мулъура,3,мулъура,3,,,,,,,милгьа,5,болъа,6,болъа,6,болъа,6,болъа,6,merdiven,7,батгъыч; канзилер,"8,9","мали, болъо","6,10"
the thing,"вещь, предмет",#N/A,1,"раг1мач, къай, къай-матах1","2,3,4",гьедела,5,ц1ебдала,6,ц1ебдала,6,гьоб гьедела,6,"т1агьил (посуда), жила (одежда)","7,8",чула,9,гьудубе,10,,,чула,9,,,0,,0,,гьо дан,11,гьо дан,11,не знаю,,şey,12,зат,13,"жо, предмет",14
the boar,"кабан, боров, вервь",#N/A,"1,2,3","болъон, хъабан","3,4","второе, первое","3,4",хъапан,3,хъапан,3,хъапан,3,хъабан,3,болъо,4,болъо,4,,,болъо,4,,,"гьиНчIáб, хъапáн","3,5",болълъон,4,хъабан,3,болълъон,4,болъон,4,qaban,3,къабан,3,хъабан болъон,"3,4"
gate,ворота,,1,кав,2,кав,2,къелу,3,кав,2,къелу,3,кав,2,ко,2,ко,2,,,ко,2,,,кав,2,къила,3,каву (къил неясно что),2,каву,2,каву,2,darvaza,4,"къапулар, къапу","5,6",NA,
the door or gate,дверь,the door or gate,1,гьиНц1ц1у,2,гьиНц1ц1у,2,гьиНц1ц1у,2,гьиНц1ц1у,2,гьиНц1ц1у,2,гьиНц1у,2,иц1о,3,иц1о,3,,,иц1о,3,,,гьуНČв,4,гьунц1а,4,гьунц1а,4,гьунц1а,4,гьунц1а,4,qapı,5,эшик,6,"нуцIа, рагьу","7,8"
the orphan,сирота,the orphan,1,"гьач1об, йазихъоб","2,3",илъатоб мак1е (ребенок без отца) - в словаре просто не имеющий),4,илъатоб,4,илъатоб,4,илъат,4,бесдал мак1и,5,,,?,,,,,,,,йатим,6,ила има воч1о мач1и (йатим без родителей),7,,,бесталав,4,бесталяв,4,yetim,6,"етим, оьксюз","6,8","бесдал лъимер, ятим","4,6"
the steam,пар,#N/A,1,гьай,2,гьай,2,,,гьай,2,гьай,2,х1охьил,3,,,асси,4,,,,,,,гьай,2,гьай,2,,,"х1охиль, гьай подтвердил","2,5","х1охиль, гьай подтвердили (даже лучше, х1оххиль - изо рта пар)","2,5",buxar,6,"пус, пар","7,8",хIухьел,2
the frog,лягушка,the frog,1,къоркъо,2,къоркъо,2,къоркъо,2,къоркъо,2,къоркъо,2,къоркъо,2,кокъо,2,подтвердил,2,,,,,,,къоркъ,2,къоркъ,2,,,къоркъ,2,къоркъ,2,qurbağa,3,бакъа,4,къверкъ,2
the ring,кольцо,the ring,1,лъиц1елащун,2,лъиц1елешун,2,лъиц1елешун,2,"нишу, лъиц1елешун","2,3","нишу, лъиц1елешун","2,3",кольцо,1,багьаче,4,багьаче,4,,,багьаче,4,,,"гьиНцIáщуб - на палец, кI’иликI’а // чIи-личIа - железное, къердáр - на рогах, кI’иликI’а // чIиличIа - серебряное на цепочке",5,гьинц1и шо,6,гьинц1и шо,6,гьинц1и шо,6,гьинц1и шо,6,üzük,7,"гьалкъа, юзюк, солгъу, минав","8,9,10,11",гор,12
the song,песня,the song,1,гьаНкье,2,гьаНкье,2,гьаНкье,2,гьаНкье,2,гьаНкье,2,кеч1а,3,никва,4,никва,4,,,,,,,кечI,3,кеч1,3,,,кеч1а (кеч1 аварское),3,кеч1а (кеч1 аварское),3,mahnı,5,"йыр, сарын",6,кечI,3
the bat,летучая мышь,the bat,1,гедеро,2,гедеро,2,подтвердил,2,подтвердил,2,подтвердил,2,къехьилу? шакибо,3,,,?,,,,,,,,мухурáщакиб,4,регьеди эртиндо гьерк1ва (ночью летающая вещь),5,эртиндо гьерква,5,регьеди эртиндо гьерк1ва (ночью летающая вещь),5,эртиндо шакиб,5,yarasa,6,"гечекъуш, варканат",7,"дергело, къохьолъалкIач","8,9"
the earring,"серьга, сережка",the earring,1,"гьаНт1ик1а, паши","2,3","баши, но сейчас говорят гьант1ик1а на ухо вашающая вещь","2,3",гьант1ик1и т1андоб дала,3,,,описательно,,описательно?,,,,кич1о,4,,,,,,,бáши,2,коль (загон тоже),6,,,коль,6,коль,6,küpe,7,"сыргъалар, гьалкъалар","8,9",кIилкIал (мн.ч),"10,11"
the light,свет,#N/A,1,"коно, нуре","2,3",квано,2,квано,2,квано,2,квано,2,кону,2,квани,2,квани,2,,,,,,,"квáНй-цIай, квáНчIар, нур",2,квани,2,,,квани,2,квани,2,yüngül,4,"ярыкъ, шавла",5,"гвангъи, канлъи, нур","6,7,8"
the neighbour,сосед,the neighbour,1,мадугьал,2,мадугьал,2,мадугьал,2,мадугьал,2,мадугьал,2,мадугьал,2,гъекьи эква,3,гъельек1ва,4,,,,,,,мáдугьал,2,мáдугьал,2,мадугьал,2,мадугьал,2,мадугьаль,2,qonşu,5,хоншу,6,"мадугьал, аскIов гIодов чIарав чи","2,7"
the bracelet,браслет,the bracelet,1,кваркъен,2,кваркъен,2,это аварское,2,кваркъен,2,"кваркъен подтверждает, но твердый",2,корхьен,3,,,,,квакъе,2,,,,,кваркъим,2,кванкъил,2,кванкъил,,,,кванкъил,2,bilərzik,4,билезик,5,#N/A,
the clothing or clothes,одежда,the clothing or clothes,1,их1рам,2,рак1яр,3,рак1яр,3,рак1яр,3,рак1яр,3,жила,4,шишакье,5,шишакье,5,,,,,,,гъвáрза,6,гъваза,6,,,гъваза,6,гъваза,6,paltar,7,"опуракъ, гийим","8,9",ретIел-кун,"10,11"
the cave,пещера,the cave,1,,,,,речча,2,речча,2,,,,,,,,,,,,,речча,2,рýщIа,2,реч1а,2,,,"нохъо (ав), реч1а подтвердил","2,4","реч1а, нохъо подтвердила","2,4",mağara,5,анакъ,6,нохъо,4
the arrow,стрела,#N/A,1,"маъа, лъегъер","2,3",маъа (и вилка тоже),2,маъа,2,маъа,2,маъа,2,гьегъир,4, ч1игьо,5, ч1игьо,5,,,,,,,кIýрма,6,бергьунц1уль (вместе лук и стрела),7,ц1уНй,8,"ц1уНй, бергьунц1уль","8,9",бергьунц1уль,9,ox,10,окъ,10,чIор,11
the body,тело,the body,1,"лага, черххе","2,3","къаркъала (лага рост, лага черххе вместе)",4,"къаркъала (лага рост, лага черххе вместе)",4,къаркъала,4,черххе,5,къаркъала,4,къакъала,4,къакъала,4,,,,,,,"къаркъáла, лáга","4,6","къаркъала (ав), лага подтвердил)","4,6","къакъала, лага","4,6",къаркъала,4,къаркъала,4,bədən,7,къаркъара,4,"черх, къаркъала","4,5"
the year,год,the year,1,решин,2,решин,2,решин,2,решин,2,решин,2,релъин,2,реше,2,реше,2,,,реше,2,,,реш,2,решин,2,решин,2,решин,2,решин,2,il,3,йыл,3,"сон, лъагIел","4,5"
the sound or noise,"звук, шум",#N/A,1,,,,,лъарч1ч1у,2,"хъуй шум, лъарч1ч1у","2,3",,,,,,,,,,,,,"хъуй шум, или как голос","2,3","сас, хIащIв","4,5",гьач1в,6,гьач1в,6,гьач1в,6,гьач1в,6,səs (звук/шум),7,"аваз, сес (звук), къавгъа (шум)","7,8,9","гьаракь, сас","4,10"
the temples,висок,#N/A,1,,,,,,,,,,,,,,,,,,,,,,,тIýма,2,входит в лоб гьанд,3,входит в лом гьанд,3,,,гьанд,3,məbəd,4,"къама, чеке, самай","5,6,7",къванща; къванщибакI,8
the skull,череп,#N/A,1,,,,,гьадуал1 ц1ант1ур (головы тарелка),2,не знаю,,,,,,,,,,,,,,не знаю,,0,,мина,3,гвангара,4,гвангара,4,гвангара,4,kəllə,5,"такъа, башны такъасы","6,7","гвангвара, гIадагIо","4,8"
the broom,метла,the broom,1,хъарт1а,2,эрхьу,3,оба есть,"2,3","эрхьу веник, хъарт1а метла","2,3","эрхьу (веник), хъарт1а большая","2,3",хъорт1а,2,квач1и,4,квач1и,4,,,,,,,хъвáНтIа,5,эхьв,6,,,эхьв,6,эхьв,6,süpürgə,7,сибиртки,8,жул,9
the thief,вор,the thief,1,ц1ц1огьор,2,ц1огьор,2,ц1огьор,2,ц1огьор,2,ц1огьор,2,ц1огьор,2,мишухъа,3,мишухъхъа,3,,,мишухъхъа,3,,,Čогьóр,4,ц1огьор,4,ц1огьор,4,ц1огьор,4,ц1огьор,4,oğru,5,уручу,6,цIогьор,4
the father-in-law (of a woman),свёкор,#N/A,1,"имакьер, куНт1а","2,3","имакьер (илакьер - свекровь, то же самое для тестя и тещи)",2,имакьер,2,имакьер,2,имакьер,2,ч1абк1ут1ар,4,имакье,2,имакье,2,,,,,,,имакьар,2,"имакьи (так же тесть), илакьи",2,,,имакьи,2,имакьи,2,qayınatası (отец?),5,къайната (эрни атасы) / нет разницы свёкор - тесть,5,вакьад (росасул эмен),6
the beard,борода,the beard,1,мигаж,2,мигаж,2,мигаж,2,мигаж,2,мигаж,2,мигяж,2,,,мижелълъу,3,мижелълъу,3,,,,,0,,мигаж,2,мигаж,2,мигаж,2,мигаж,2,saqqal,4,сакъал,4,#N/A,
the comb,гребень; расческа,the comb,1,"гьакьу, хъуНдоб, хабалъо-гькьу  - чесалка","2,3,4",гьакьу,2,гьакьу,2,гьакьу,2,гьакьу,2,гьакьу (также семь),2,акьу,2,акьу,2,,,акьу,2,,,гьакьв,2,гьакь,2,гьакь,2,гьакь,2,гьакь,2,yal,5,таракъ,6,гьоркьо (гребень),7
the nape of the neck,затылок,#N/A,1,,,,,гъванша,2,гъванша,2,,,,,,,,,,,,,гъванша,2,гъвáНща,2,гьванша,2,гьванша,2,гьванша,2,гьванша,2,peysəri,3,елке,4,гъванща,2
the dew,роса,#N/A,1,,,,,аса,2,аса ближе,2,,,,,,,,,,,,,аса ближе,2,щиб,3,щим ч1ебе иди,4,,,щим т1аме (роса бросила),4,щим,4,şeh,5,рос чыкъ,6,na,
the bark,кора,#N/A,1,"макъара, хъалу","2,3",первое (второе тоже кожа или кожура),"2,3",хъалу,3,макъара,2,хъало,3,хъал,3,хъали (шкура),3,хъали (шкура),3,,,,,,,хъал,3,хъаль,3,хъал,3,хъал,3,хъал,3,qaysaq,4,къабукъ,5,"макъар, тIасияб хъал","2,6"
the lightning,молния,the lightning,1,пире,2,пире,2,пире,2,пире,2,пире,2,пири,2,,,пири,2,,,,,,,пардáкь,3,"ц1ай рекур, пирк1еч1ир","4,5",,,"пир, пир к1еч1ир",5,реше пардоб,6,ildırım,7,яшмын,8,пири (тIабигIияб),"2,9"
the wasp,оса,the wasp,1,ц1ц1уНц1ц1упера,2,ц1ц1уНц1ц1упера,2,ц1ц1уНц1ц1упера,2,ц1ц1уНц1ц1упера,2,ц1унц1упера,2,0,,кьижвала,3,кьижвара,3,,,,,,,кьижва,3,шайт1ани пера,4,,,шайт1ани пера,4,г1алхул пера,5,arı,6,телижибин,7,кьужна,8
the bow,лук (оружие),#N/A,1,к1аНча,2,тиркач (в словаре - пища),3,тиргач,3,тиргач,3,тиргач,3,гьегъир,4,,,ч1иНгьо,5,,,,,,,цIt,6,бергьунц1уль,7,,,бергьунц1уль,7,пергьунц1уль,7,na,,"жая, къазарху","8,9","чIорбутI, газаргъо","10,11"
the owl,сова,the owl,1,рузе,2,бугьу (рузе филин),"2,3",бугьу,3,рузе,2,рузе,2,"бугьу, рузу (аварское)","2,3",руз,2,"руз аварское, мб буссе?","2,4",,,,,,,бугь,5,руз,2,руз,2,руз,2,руз,2,bayquş,6,"кикимав, обуръябалакъ","7,8",руз,2
the rope,веревка,the rope,1,кару,2,кару,2,кару,2,кару,2,кару,2,кору,2,,,квари,3,,,квари,3,,,квар,3,квар,3,квар,3,квар,3,квар,3,kəndir,4,"йип, аркъан","5,6","квар, батIаргьин, рухьен","3,7,8"
the tick,клещ,#N/A,1,сенал1у,2,сенал1о,2,сенал1о,2,не знает,,сенал1о,2,нет,,,,джиби,3,,,джиби комар,3,,,наČ,4,,,,,,,,,tutarlı pay,5,къасарткъы,6,гьитIинаб нугI,7
the nettle,крапива,the nettle,1,мич1и,2,мич1ч1и,2,мич1ч1и,2,мич1ч1и,2,мич1ч1и,2,ч1еру,3,миц1и,2,миц1и,2,,,,,,,мищI,2,ч1ер,3,ч1ер,3,ч1ер,3,ч1ер,3,gicitkən,4,къычыткъан,4,мичI,2
the foam,пена (на воде),#N/A,1,пале,2,пале,2,пале,2,пале,2,пале,2,,,гьвале,3,гьвале,3,,,,,,,"кьиб, пал","2,4",паль (на воде),2,,,паль,2,паль,2,köpük,5,гёбюк,5,полоп,6
the fish,рыба,the fish,1,ччуг1а,2,ччуг1а,2,ччуг1а,2,ччуг1а,2,ччуг1а,2,ччуг1а,2,чуг1а,2,чуг1а,2,,,,,,,"щвā - крупная, морская, щвáНшкIа",3,щваг1а,3,,,щваг1а,3,щваг1а,3,balıq,4,балыкъ,4,ччугІа,2
the hare,заяц,the hare,1,кьаНк1ала,2,кьаНк1ала,2,к1анкьала,2,к1анкьала,2,к1анкьала,2,кьенк1яла,2,кьак1а,2,кьак1а,2,,,кьак1а,2,,,кьеНчIéл,3,кьанк1ал,3,кьанк1ал,3,кьанк1ал,3,кьанк1ал,3,dovşan,4,"къоян, тавшан","4,5",гIанкI,6
the butterfly,бабочка,the butterfly,1,дидин,2,дидин,2,дидин,2,дидин,2,дидин,2,рик1уч1ел,3,"ни то, ни другое",,к1ужара,,к1ужара,4,,,,,кIáркIима,5,к1алак1ачва,6,к1алак1ачва,6,к1алак1ачва,6,к1алак1ачва,6,kəpənək,7,гюмелек,8,#N/A,
the footprint,след (ноги),the footprint,1,лъалда,2,лъалда,2,лъалда,2,"лъалда, лъале",2,лъалда,2,лъали,2,лъак1и,2,лъали (лъак1и может быть ошибка),2,,,,,,,гьал,3,"лъак1, гьаль подтвердил","3,4",гьаль,3,"анж, лъалк1","3,5",гьаль (как горох),3,izi,6,гьыз,7,лъакI,5
the whetstone,"оселок, точило, точильный камень",#N/A,1,"к1к1едер, хану, хьедер","2,3,4","хану, к1к1едер","2,3",биг1айдоб анча,5,,,к1к1едер,3,"к1едири, гьану","2,3",хъанулълъи ич1а,6,иНч1а (просто камень),6,,,,,,,0,,бесун ашаду гьинца (нож точащий камень),7,,,бесун ашаду гьинца (нож точащий камень),7,ашадоб гьинц1а,7,məhəkdaşı,8,"билев таш, къайракъ","9,10","бахкен, хоно, čarx","11,12,13"
the father-in-law (of a man),тесть,#N/A,1,имакьер,2,имакьер,2,,,,,,,имакьер,2,,,имакье,2,,,,,,,имакьар,2,0,,,,,,,,qayınatası,3,къайната,3,"вакьад, вакьадэмен (чIужуялъул эмен)",4
the nest,гнездо,the nest,1,берхьван,2,берхьван,2,мисиа (птичий дом),"3,4",миса подтвержил,3,птичий дом,4,берхьван,2,реше,5,решва,5,,,решва,5,,,чиНдв,6,бехьун,7,бехьун,7,бехьун,7,шакол1 бегьун,7,уя?,8,уя,8,хIанчIибусен,9
the worm,червяк,the worm,1,"берка, жи, х1апара, наац1е","2,3,4,5",жужука,6,жужука - просто насекомое,6,,,,,0,,бека (и змея тоже),2,бека,2,,,,,,,хIутI,7,берча (змея),2,,,муко берча,2,берча,2,qurd,8,хурт,8,"хIутI, борохь, хIапара, къвекI","3,9,10"
the navel,пупок,#N/A,1,ц1ц1уНдул,2,ц1ц1уНдул,2,ц1ц1уНдул,2,ц1ц1уНдул,2,ц1ц1уНдул,2,ц1унт1у,2, ц1укьи кат1и,3,ц1унолъи кат1и,3,,,,,,,ČуНй,4,баквала желяго кат (на животе дырка),5,,,,,ц1уНй,4,göbək,6,гинник,7,цIину,4
the ant,муравей,the ant,1,лъарц1ц1е,2,лъарц1ц1е,2,лъарц1ц1е,2,лъарц1ц1е,2,лъарц1ц1е,2,к1к1ара (непонятный звук),3,ц1уц1ра,4,ККари,5,,,,,,,жуНж,6,гьарц1а,7,,,гьарц1а,7,х1ац1а,8,qarışqa,9,къомурсгъа,10,цIунцIра,4
the tree stump,пень,#N/A,1,"гъорт1а, х1аНк1вара","2,3",гъорт1а,2,гъорт1а,2,"х1анк1вара, гъорт1а только ругательство","2,3",х1аНк1вара,3,второе,3,,,?,,,,,,,,"къабáра, кIабáра",6,рошалъи букъе буходан,7,,,х1анк1вара,3,х1анк1вара,3,kötük,8,тюпгюч,9,хIехь,10
the tail,хвост,the tail,1,"мигъа, рач1ч1ел","2,3",мигъа,2,мигъа,2,мигъа,2,мигъа,2,мигъа,2,калълъи,4,подтвердил,4,,,,,,,мигъа,2,мигьа,2,мигъа,2,мигъа,2,мигъа,2,quyruq,5,къуйрукъ,5,рачI,6
the wing,крыло,#N/A,1,лъиру,2,лъиру,2,лъиру,2,лъиру,2,лъиру,2,лъиру,2,лъиро,2,лъиро,2,,,,,,,гьилв,3,0,,пир,4,пир,4,пир,4,qanad,5,къанат,5,кваркьи,6
the shade or shadow,тень,the shade or shadow,1,аНччу,2,аНччу,2,аНччу,2,аНччу,2,аНччу,2,анчва,2,гьугьу,3,гьугьу,3,,,,,,,аНщв,2,к1аншва,4,к1аншо (также ящерица),4,к1аншо,4,к1аншо,4,kölgə,5,гёлентки,6,рагIад,7
the grasshopper,кузнечик,the grasshopper,1,гъац1а,2,гъац1а,2,гъац1а,2,гъац1а,2,гъац1а,2,гъац1а,2,гьац1а,2,гьац1а,2,,,,,,,гъáцIа,2,гъанц1а,2,гъанц1а,2,гъанц1а,2,подтвердила,2,çəyirtkə,3,увакъ ченгертки,3,гарцI (гьитIинаб),2
the thunder,гром,#N/A,1,решин,2,решин гъургъуре,2,гъургхури,3,гъургъури решен,3,пире,4,,,реше гъвере,3,лъац1о,5,,,,,,,гъóдар,6,гьач1в,6,зваргъи,7,реше худи,3,реше худир,3,ildırım,8,кёк кёкюрев,9,зоб гъугъай,10
the beeswax,воск (пчелиный),the beeswax,1,щиру,2,щиру,2,щиру,2,щиру,2,щиру,2,х1еру,3,гъане,4,гъане,4,,,гъане,4,,,щирв,2,щер,2,щер,2,щер,2,щер,2,mum,5,балавуз,6,найил хIе,3
the sand,песок (строительный),the sand,1,соро,2,соро,2,соро,2,соро,2,соро,2,сали,3,сали,3,песоки,4,,,,,,,сел / селв,5,сер,6,,,сер,6,сер,6,qum,7,"хум, къайыр","8,9",сали,3
the clay,глина,#N/A,1,"шиши, щаг1ила - жженая, хъай — глина-краска","2,3",шиши,2,шиши,2,шиши,2,шиши,2,х1ари,4,х1ат1а,5,х1ат1а,5,,,х1ат1а,5,,,гъугъýн,6,гъургъун,6,не знаю (гъургъун - раствор),,уНш,7,уНщ,7,gil,8,"саз, саз балчыкъ","9,10","хIатI, хIатIракь",5
the blister,мозоль,the blister,1,"гьаНк1ва, пиНкьа","2,3",пинкьа,3,пинкьа,3,пинкьа,3,пинкье,3,мозоль,1,гьими,5,гене,6,,,,,,,руČ,7,"пуль, (труба тоже)",8,,,"пуль, (труба тоже)",8,"пуль, (труба тоже)",8,qarğıdalı,9,къатыв,10,"гьанамагI, пинкь","3,11"
the egg,яйцо,the egg,1,к1арк1ан,2,к1арк1ан,2,к1арк1ан,2,к1арк1ан,2,к1арк1ан,2,гьану,3,кану,3,хъану,3,,,,,,,чIачIáн,4,ч1еч1ен,4,ч1еч1ен,4,ч1еч1ан,4,ч1еч1ен,4,yumurta,5,йымырткъа,6,хоно,7
the elbow,локоть,#N/A,1,,,,,ц1ц1ик1к1ван,2,ц1ц1ик1к1ван,2,,,,,,,,,,,,,ц1ц1ик1к1ван,2,"ČуНкáл, ČуНчIáл","3,4",ц1унк1уль гъажулъиб,5,ц1унк1уль гъажулъиб,5,гъажула ц1унк1ал,5,последнее,5,dirsək,6,тирсек,6,гIункIрукь,7
the spider web,паутина,#N/A,1,,,,,паука дом,2,паука дом,2,,,,,,,,,,,,,паука дом,2,нисхъаранис,3,балугьанлъи квар,4,,,хъаранис,3,хъаранисил1 аш,5,tor,6,"мияманы аву, ав","7,8","хъанхъра, нуси","9,10"
the lip,губа,the lip,1,суНк1а,2,суНк1а,2,суНк1а,2,суНк1а,2,суНк1а,2,сими,3,шеме,3,шеме,3,,,шеме,3,,,сим,3,к1от1и (губы),4,к1от1и (губы),4,к1от1и (губы),4,к1от1,4,dodaq,5,эрин,6,кIветI,4
the chin,подбородок,#N/A,1,"жоно, илилокьисс мак1ва","2,3",жоно,2,жоно,2,жоно,2,жорно,2,жунеъил,4, не от него жонолълъи,5, не от него жонолълъи,5,,,,,,,жунá,2,жуна,2,,,жуна,2,жуна,2,buxaq,6,сакъалтюп,7,нилъу,8
the heel,пятка,#N/A,1,сеха,2,сеха,2,цеха,2,цеха,2,сеха,2,мижа,3, сехъа,2, сехъа,2,,,,,,,нижа / мижа,3,мужа,3,,,мужа,3,мужа,3,daban,4,табан,4,"эгъе (хIатIил эгъе), щватадул эгъе",5
the firewood,"дрова, топливо",#N/A,1,,,,,худа,2,худа,2,,,,,,,,,,,,,худа,2,гьур,3,пуда,4,пуда,4,пуда,4,пуда,4,odun,5,агъач,6,цIул,7
the yolk,желток,#N/A,1,,,,,обе,2,обе,2,,,,,,,,,,,,,обе,2,0,,шишо ч1еч1ан (красное яйцо),3,шишо ч1еч1ан (красное яйцо),3,шишо ч1еч1ен подтверждает,3,г1ач1об ч1еч1ен,4,yumurta sarısı,5,йымырткъаны сариси,5,"багIархоно, тIогьилхоно",6
the partridge,куропатка,the partridge,1,гъавгъва,2,гъавгъа,2,гъавгъа,2,гъавгъа,2,гъавгъа,2,гъагъиба,2,гъагъиба,2,?,,,,,,,,гъáгъа,2,0,,,,гъагъва,2,подтвердила,2,kəklik,3,къыр тавукъ,4,мокъокъ,5
the sleeve,рукав,the sleeve,1,кваха,2,кваха,2,кваха,2,кваха,2,кваха,2,кохил,3,квакье,4,кваххе (квакье неправильно),4,,,,,,,квахил,3,0,,,,квагьа,2,кваНхиль,3,qol,5,енг,6,къвал,7