russian translation,name,Persian,Arabic,,DAvar,,DGeorgian,,Rutul Dict,,Rutul Rutul Vera,,Ikhrek Rutul Jariyat,,Ikhrek Rutul Aishe Word,,Ikhrek Rutul Zijawudin 77 Word,,Ikhrek Rutul Salimat 56 Word,,Kina Rutul Nurulla,,Kina Rutul Mevletdin 70 word,,Kina Rutul Magomed-Shapi 67yo word,,Kiche Rutul Serazhudin Word,,Kiche Rutul Sejfulla Word,,Azer,Persian,In our lists for Lezgic (2) or Turkic (1),Arabic,,Kumyk,,Lezgian,,Khlut Alimurad,,Helmets Abduragim,,Helmets Tarlan,,Helmets Murad,,Khlut Alimurad,,Khlut Arsen,,Khlut Sanidir,,Khlut Islam,,Russian,,Mikik Tsakhur Allahverdi,,Mikik Tsakhur Nariman
арбуз,the watermelon,"hendevāneh, tarbuz, bettikh",batteekh (battekh ahmar),хъарпýз,1,sazamtro,22,0,NA,хъарпуз,1,хъарпыз,1,хъарпыз,1,хъарпыз,1,хъарпуз,1,хъарпыз,1,хъарпыз,1,хъарпыз,1,хъарпыз,1,хъарпыз,1,гарпыз,1,"betteekh, tarboz, hendo-vaneh",,,харбуз,1,ХАЛИ,2,хъарпуз,1,хъарпуз,1,хъарпыз,1,хъарпыз,1,хъарпуз,1,"хъарпуз, хали","1,2",хъарпуз,1,хъарпуз,1,арбуз,3,хъарпуз,1,къарпыз,1
бочка,the barrel," boshkeh, chelik, barmil, toop,  khomreh, zarbi, tagh, looleh",bermeel,чирмá,21,k'asri,22,0,NA,пышк1а,1,бычка,1,пычк1а,1,пычка,1,пучка,1,пушк1а,1,пушк1а,1,бочка,1,бочка,1,бочка,1,данышмаг,2,"barmeel, toop, cheltk, khomreh, boshkeh, zarbee, tagh, looleh",,,RUS,1,ЧАМЧАХ,3,гуд,4,бошк1а,1,пошк1а,1,бошк1а,1,"фляг, гуд","4,5",бушка,1,бушка,1,бак,6,бочка,1,т1ак1а,7,бошк1а,1
ведро,the bucket,"dalv, dool, doolcheh",satl,RUS,1,vedro,1,0,NA,педре,1,ведро,1,ведре,1,ведро,1,ведре,1,ведро,1,ведро,1,ведро,1,ведро,1,ведро,1,ведрə,1,"dalv, dool, dool-cheh",,,"педире, челек","1,2",ВЕДРЕ,1,ВЕДРЕ,1,ведро,1,ведра,1,ведра,1,ведро,1,ведро,1,ведро,1,ведро,1,ведро,1,ведра,1,ведра,1
горох,the pea,"nokhod, hemmes (rarely), khollar (green), dagh, mashi,  chi","bisilleh, hummus",хIéгьоло,20,barda,21,хар,1,хар,1,хар,1,гарох,2,к1ах,3,гарох,2,"к1ах - черный, хар - зеленый","1,3",хар,1,хар,1,к1ах,3,хар,1,нохуд,4,"hemmes (rarely), kholar (green), dagh, mashee, nokhod, chee","1,2",,нохут,4,НАХУТI,4,хар,1,гарох,2,гарох,2,гарох,2,хар,1,хар,1,хар,1,хар,1,горох,2,саг1а,5,нухьут (саг1а - мелкая коричневая),4
груша,the pear,"golābee, amrood, mata'","ijaasa, kummathraya","хIанчI, ген/и",20,msχali,21,0,NA,хы1р,1,хы1р,1,хы1р,1,хы1р,1,хы1р,1,хы1р,1,хы1р,1,хы1р,1,хы1р,1,хы1р,1,армуд,2,"amrood, golabee, mata'","1,2",,гьармут,2,ЧУЬХВЕР,3,кьал,4,чуьхарья,3,чухер,3,чуьхарья,3,кьал,4,к1ал,4,к1ал,4,,NA,груша,5,джи1ха1,6,1,6
дыня,the melon,"abkhost, bettikh, -bozeh, -moozeh, shammameh, talebi, ka-lak (unripe), kombezeh (unripe), garmak (early)",batteekh (batteekh asfar),пастІáн1,3,nesvi,21,къавын,1,къавум,1,къавум,1,къавым,1,кавын,1,кавым,1,къавум,1,къавум,1,къавум,1,къавун,1,къавум,1,говун; jемиш,"1,2","abkhost, betteekh, -bozeh, -moozeh, shammameh, talebee, ka-lak (unripe), kombezeh (unripe), garmak (early), ",,,пастан,3,КЪАВУМ; ГАТУН ХАЛИ,"1,4",КЪАВУМ,1,къавум,1,къавум,1,къавым,1,къавум,1,къавум,1,къавум,1,дыня,4,дыня,4,къавум,1,1,1
капуста (кочанная),the cabbage,"kalam, ostad-alamee, kahoo, ",kurunb,хъапустIан,2,k'ombost'o,20,келем,1,келем,1,калам,1,калам,1,калам,1,калам,1,калям,1,калям,1,калям,1,келем,1,келем,1,кəлəм/käläm,1,"ostad-alamee, kahoo, kalam","1,2",,къапуста,2,КЕЛЕМ,1,КЕЛЕМ,1,калям,1,калям,1,калям,1,келем,1,келям,1,келам,1,келам,1,капуста (кочанная),2,калям,1,1,1
морковь,the carrot,"zardak, shagha-gol (wild), gazar",jazar,ламáдур,20,st'apilo,21,йыхыIнь,1,абадур,2,абаджур,2,абаджур,2,абаджур,2,абаджур,2,абадур,2,абадур,2,абадур,2,абадур,2,абадур,2,yerkökü,3,"zardak, shagha-gol (wild), gazar",gazar in Lezgian,,чита,4,ГАЗАР,5,ГАЗАР,5,к1абажур,2,к1абажур,2,к1абажур,2,газар,5,газар,5,газар,5,,NA,морковь,6,абаджур,2,1,2
ржавчина,the rust,"zang, anar, zangar",sada',кьавý,21,zhangi,22,0,NA,мы1хъ,1,мы1хъ,1,мы1хъ,1,му1хъ,1,0,NA,мы1хъ,1,мы1хъ,1,мы1хъ,1,мы1хъ,1,мы1хъ,1,пас; боз лəкə,"2,3","anar, zangar",,,тот,4,МУЬРХЪ,1,михъ,1,пас,2,пас,2,пас,2,михъ,1,мехъ,1,михъ,1,,NA,ржавчина,5,пахыр,6,"пас (снаружи, пахыр - внутри кстарюли)","2,6"
сказка,the fairy tale,"afsāneh, qesseh, angaresh, -soorat","qessa, hikaya, haddouta",маргьа,21,zʁap'ari,22,0,NA,махв,1,мехв,1,мехв,1,мехв,1,мехв,1,ахъайид,2,ихтилат,3,ахъид?,2,махв,1,ма1хв,1,nağıl; yalan;,"4,5","angaresh, -soorat",,,ёмакъ,6,МАХ,1,МАХ,1,хабар,7,хабар,7,хьабар,7,мах,1,мах,1,"мах, хабар","1,7",мах,1,сказка,8,месала,9,нагъыл (месала пословица),4
слива,the plum,"alang, allocheh, aloozard, zalzanak, gowjeh, nesbat, noghl, noghlee","barqooqa, khokha, ijasa",кокó/н,4,kliavi,2,0,NA,шугьди,1,гавали,2,гывели,2,гыгели,2,кавали,2,гывыли,2,кавали,2,кавали,2,шегьди,1,пылибыр?,3,ҝавалы,2,"alang, allocheh, aloozard, zalzanak, gowjeh, nesbat, noghl, noghlee",,,кокан,4,ХВАТ,5,ХВАТ,5,гавали,2,гавали,2,гавали,2,хот,6,хот,6,хват,6,хут,6,слива,7,гавале,2,1,2
стадо (овец),the herd,"bagher (of oxen), khook-ban (swine), -cheran (swine), rameh, padeh (oxen), seeleh, faseeleh, galleh, gowbareh","ra'iya, qatee', baqer (cattle), qoot (sheep)",рехъéн,21,ǯogi,22,суьрю,1,нехир,2,хы1б,3,ятах,4,ятах,4,нехир,2,суьруь,1,суьруь,1,суьруь,1,нехир,2,ирхи/илхи,5,сүрү; нахыр,"1,2","bagher (of oxen), khook-ban (swine), -cheran (swine), rameh, padeh (oxen), seeleh, faseeleh, galleh, gowbareh",,,"сирив, йылкъы, тувар, гезив (гьайванлар)","1,2,5,6",ИЛХИ; НЕХИР; СУЬРУЬ (овец); КЪИФЛЕ; РАМАГ,"1,2,5,7,8","суьруь, нехир","1,2",нахир,2,баги,9,"нахир, сури - овец","1,2","нехир, шуьруь","1,2",нехир,2,нехир,2,суьри,1,стадо (овец),10,"сюри (нахир крс, бак1и скот КРС и МРС)",1,1,1
четки,the rosary,"tasbeeh, sobha","misbaha, sobha",na,NA,k'rialosani,22,супгьаIнбыр,1,0,NA,ц1алабыр,2,супгъан,1,супгъан,1,супгъан,1,таспыгъ,3,"гай, супгъан","1,4",таспягъ,3,супгъанбыр,1,супгъанбыр,1,təsbeh,3,"tasbeeh, sobha","1,2",,"зувгьанлар, тасбигьлер","1,3",ТЕСПЯГЬ,3,ТЕСПЯГЬ,3,тапсыгъ,3,таспыгъ,3,тапсыгъ,3,теспягь,3,теспягь,3,тесаягь,3,теспягь,3,четки,4,та1пс,3,тапсы,3
"кнут, хлыст (для лошади)",the whip,"tazianeh, dastaneh, dom, kharzan, shallagh, ghamchee","qamshah, sawt",цIал,22,šolt'i,22,къамчи,1,т1ул,2,къамчи,1,кьамчи,1,къамчи,1,анчи,1,къамчи,1,къамчи,1,къамчи,1,0,NA,къамчи,1,чубуг; гамчы; гырманҹä,"1,2,3","tazianeh, dastaneh, dom, kharzan, shallagh, ghamchee","1,2",,къамучу,1,"КЪАМЧИ, ТIВАЛ","1,2",КЪАМЧИ,1,шунк,4,чунк1,4,чунк1ь,4,къамчи,1,къамчи,1,къамчи,1,къамчи,1,"кнут, хлыст (для лошади)",5,чу1мк,4,1,4
сахар,the sugar,"qand, abgeeneh, zad, shakar, shakkar",sukkar,чакар,1,šakari,1,шагар,1,шагар,1,шеккер,1,шеккер,1,шекер,1,шекер,1,шагар,1,шагар,1,шагар,1,шагар,1,шагар,1,шəкəр; гəнд,"1,2","abgeeneh, zad, shakar, shakkar","1,2",,шекер,1,НАБАТ,3,шекер,1,шакар,1,шакар,1,шакар,1,шекер,1,шакар,1,шакар,1,песук,NA,сахар,4,ганд,2,къанд,2
мыло,the soap,saboon,saboon,сапун,1,sap'oni,1,0,NA,сабун,1,сабын,1,сабын,1,сабын,1,сапун,1,сабын,1,сабын,1,сабын,1,сабын,1,сабын,1,сабун,1,saboon,,,сапун,1,ЗАПУН,1,сапун,1,сапынь,1,сап1ань,1,сап1ынь,1,запун,1,запун,1,запун,1,запун,1,мыло,2,сап1ын,1,1,1
вино,the wine,"aveezeh, badeh, mey",khamr,"чагъир, жа / простор. разг. (водка) гIаракъи",1,ʁvino,22,чахыр,1,чахыр,1,чахыр,1,чахыр,1,чахыр,1,чахыр,1,чахыр,1,чахыр,1,чахыр,1,чахыр,1,чахыр,1,шəраб; чахыр,"1,2","aveezeh, badeh",,,"чагъыр (виноградное), гьаракъы (самогон)",1,RUS,3,чахыр,1,чахыр,1,чахыр,1,чахыр,1,чахыр,1,чахыр,1,чахур,1,чахур,1,вино,3,чахыр,1,1,1
стол,the table,"miz, jadval, khan","maktab (desk), tawilah (any table)",стол,1,magida,22,устIул,1,уст1ул,1,"ист1ол, иск1ам","1,2",иск1ам,2,стол/искам,"1,2",искам,2,"уст1ул, иск1ам","1,2",искам,2,стол,1,тев,3,стол,1,маса; RUS,"4,1","jadval, khan",,,стол,1,RUS,1,RUS,1,стол,1,стол,1,истол,1,стул,1,стул,1,устул,1,устул,1,стол,1,стол,1,1,1
бумага,the paper,kaghiz,"waraq (general), waraqa (a piece of paper)",кагъат,1,kaʁaldi,1,кагъат,1,кагъат,1,кагъат,1,кагъат,1,кагъат,1,кагъат,1,кагъат,1,кагъат,1,кагъат,1,гагъат,1,кагъат,1,kağız,1,kaghiz,"1,2",,къагъыз,1,КАГЪАЗ,1,чагъар,1,кагъаз,1,къазить,2,газить,2,чар,1,чар,1,чар,1,чар,1,бумага,4,кагъыз,1,1,1
магазин,the shop/store,"forushgah, maghoza, hanoot, dokkan","mahall, dukkan, matjar",тукен,1,maʁazia,22,дукан,1,тукан,1,"кап1рат1ив, тукан","1,2","магазин, дукан","1,3",тукан,1,тукан,1,тукан,1,туькан,1,0,NA,тукан,1,тукан,1,mağaza,3,"hanoot, dokkan",,,тюкен,1,"ТУЬКВЕН, RUS","1,3","ТУЬКВЕН, RUS","1,3",магазин,3,магазин,3,дукан,1,туьквен,1,туьквен,1,туьквен,1,туьквен,1,магазин,3,"магазин (раньше говорили к1ап1рат1иль, дукан)","1,2,3","магазин, к1ап1рат1иль","2,3"
школа,the school,"madreseh, dabestan, adab, darot-tadrees, moallemin",madrasa,школа,2,sk'ola,2,мехьтеб,1,мехьтеб,1,мехьтеб,1,мехьтеб,1,махьтеб,1,мехьтеб,1,мехьтаб,1,мехьтаб,1,мехьтаб,1,мехьтеб,1,мехьтеб,1,məktəb,1,"adab, darot-tadrees, moallemin",,,"школа, мактап","1,2",RUS,2,мехьтеб,1,мектаб,1,мектаб,1,мектаб,1,мектеб,1,мектеб,1,"мектеб, мектаб",1,"мектаб, мектеб",1,школа,2,"мектаб, мактаб",1,мактаб,1
мул,the mule,"ostoor, ghater",baghl,гIорцIен,21,ǯori,22,къатир,1,къатир,1,къатир,1,къатир,1,къатир,1,къатир,1,къатир,1,къатир,1,къатир,1,къатир,1,къатир,1,qatır,1,"ostoor, ghater","1,2",,къачыр,1,КЪАТИР,1,КЪАТИР,1,къатир,1,къатир,1,къатир,1,кьатир,1,кьатиб,1,"яц, жунгав","2,3",0,NA,мул,4,къатир,1,1,1
овёс (чем кормят лошадей),the oats,solt,shoufan,неха (ниха),7,švria,22,хьытI,1,хьыт1,1,0,NA,гъаргъал,2,гъаргъал,2,гъаргъар,2,гъаргъал,2,гъаргъал,2,гъаргъал,2,сык1ыл,3,гъыл,4,yulaf,5,solt,,,"сулу, ныха","6,7",ГЕРГЕР,2,нех,7,гъаргъар,2,0,NA,сык1ыль,3,нях,7,гергер,2,гергер,2,кьуьл,8,овёс (чем кормят лошадей),9,хьыт1а,1,1,1
карандаш,the pencil,ghalam,qalam,къалам,1,pankari,22,кьалам,1,кьалам,1,кьалам,1,кьалам,1,кьалям,1,къалам,1,кьалям,1,кьалям,1,кьалям,1,кьалам,1,кьалам,1,karandaş,2,ghalam,2,,карандаш,2,RUS,2,кьалам,1,кьалям,1,кьалям,1,кьалям,1,кьалам,1,к1алам,1,"карандаш, кьалам","1,2",карандаш,2,карандаш,2,к1алям,1,кьалям,1
репа,the turnip,shalgham,"shalgham, shalgam",талган,22,talgami,22,0,NA,кьа1,1,кьаъа,1,кьаъа,1,кьаъа,1,къа,1,кьаъ,1,кьа1,1,кьаъа,1,0,NA,0,NA,şalğam,2,shalgham,1,,турп,3,ТУРП,3,?хьылаб,4,джугъундур,5,радиска,NA,джугъундур,5,клаб,6,клоб,6,"джугъундур, турп","3,5",0,NA,репа,7,кьа,1,1,1
табак,the tobacco,"tambakoo, tootoon",tabagh,тамахьо,1,tambako,1,тамбаку,1,тамбаку,1,тутун,2,тамбаку,1,тутун/тамбаку,"1,2",тутун,2,туьтуьнь,2,"туьтуьн, тамбаку","1,2",тютюн,2,тамбак,1,туьтуьн,2,tütün,2,"tambakoo, tootoon","1,2",,тамакю,1,ТЕНБЕК,1,ТЕНБЕК,1,туьтуьнь,2,тямбаку,1,туьтуьнь,2,тенбек,1,тембек,1,тембек,1,тембек,1,табак,1,туьтуьн,2,1,2
полотенце,the towel,"abchin, eezaree, howleh, dastar, -mal, roomal","minshaff, nashaafa","полотенце, гьумербацIцI","4,23",p'irsaχotsi,22,десмал,1,десмал,1,десмал,1,десмел,1,десмел,1,десмал,1,десмал,1,десмал,1,десмал,1,тасмал,1,дасмал,1,dəsmal,1,"abchin, eezaree, howleh, dastar, -mal, roomal",2?,,"чюй явлукъ, бет явлукъ","2,3",ДАСМАЛ,1,ДАСМАЛ,1,десмал,1,десмал,1,десмал,1,дасмал,1,тасмал,1,тасмал,1,тасмал,1,полотенце,4,десмал,1,десмел,1
перец (черный),the pepper,"pelpel, fiyyat",fulful,"пилпил, пучч",3,p'ilp'ili,22,истивут,1,уст1уъут,1,истиут,1,исиут,1,иссиут,1,истивут,1,истиут,1,истиут,1,истивут,1,истиут,1,иставут,1,bibər,2,"pelpel, fiyyat",2,,"бурч, жибижей, иссиот","1,3,4",ИСТИВУТ,1,ИСТИВУТ,1,истиот,1,иссоот,1,иссоот,1,истивут,1,истивут,1,истивут,1,перец,1,перец (черный),5,уссоот,1,иссоъот,1
лев,the lion,"shir, arslan, asad, hares, dervas, delhas",asad,гъалбацI,21,lomi,22,аслан,1,аслан,1,аслан,1,аслан,1,аслан,1,аслан,1,аслан,1,там,2,аслан,1,пеленг,3,аслан,1,aslan,1,"arslan, asad, hares, dervas, delhas","1,2",,"арсланкъаплан, арслан",1,аслан,1,аслан,1,пейланг,3,аслан,1,аслан,1,аслаг,1,лев,4,аслан,1,перлен,3,лев,4,пегьлянг,2,аслан (пегьлянг тигр),1
неделя,the week,hafteh,usbou',анкь,21,k'vira,22,гьаIфте,1,гьафте,1,гьафта,1,гьафте,1,гьафта,1,гьяфте,1,гьфта,1,гьафта,1,гьафта,1,гьафте,1,гьафте,1,həftə,1,hafteh,"1,2",,жума,2,гьафте,1,гьафте,1,гьафте,1,гьафте,1,гьафте,1,гьафте,1,гьафта,1,"гьафте, гьафта",1,гьафта,1,неделя,3,гьа1фта,1,1,1
свеча,the candle,"seraj, sham'",sham'a,"хIедучирахъ, нахучирахъ",21,santeli,22,шам,1,шам,1,шам,1,шам,1,шам,1,чирах,2,шам,1,шам,1,"гарч - лучина, шам",1,шам,1,шам,1,şam,1,"seraj, sham'","1,2",,майчыракъ,3,шем,1,шем,1,шам,1,шам,1,шам,1,шам,1,шам,1,чырагъ,2,шам,1,свеча,4,не знает (подтвердил шам),1,подтвердил шам,1
стекло,the glass,"shisheh, abgeeneh",zujaaj,цIер (=также лёд); шиша,"2,21",mina,22,гьаIйне,1,"гьайне, дзыр — мелкое",1,а1йне,1,а1йна,1,айна,1,а1йне,1,а1йна,1,гьайна,1,гьайна,1,гьа1йне,1,гьа1йне,1,şüşə,2,abgeeneh,,,шиша,2,шуьше,2,гуьзгуь,3,айна,1,айна,1,гьайна,1,гуьзгуь,3,"гуьзгуь, айна","1,3",гуьзгуь,3,гуьз,3,стекло,4,а1йне,1,1,1
рис,the rice,"oroz, berenj, pelaw, chelan, chalpaseh, chaltook","aruzz, ruzz",пиринчI,2,brinǯi,2,0,NA,дюгю,1,дуьгуь,1,дюгю,1,дюгю,1,дюгю,1,дуьгуь,1,дуьгуь,1,дуьгуь,1,дуьгуь,1,дуьгуь,1,düyü,1,"oroz, berenj, pelaw, chelan, chalpaseh, chaltook",2,,дюгю,1,дуьгуь,1,дуьгуь,1,биринз,2,биринз,2,биринз,2,дуьгь,1,дуьгуь,1,дуьгуь,1,дубгуь,1,рис,3,биринз,2,1,2
чашка,the cup,"abkhoree, avandee, ayagh, pialeh, jam, dowleh, pengan","koub, finjaan","чашка, чай гьекъолеб суркIа",1,pinǯani,22,чашка,1,гыр,2,чашка,1,чашка,1,чашка,1,курушк1а,3,чашка,1,чашка,1,мускьаб?,4,чашка,1,чашка,1,fincan,5,"abkhoree, avandee, ayagh, pialeh, jam, dowleh, pengan",1,,"чашка, пинжан","1,5",бади,6,истакан,7,чашка,1,чашка,1,истакан,7,истакан,7,къаб,8,"чашка, бади, крушка","1,3,6",,NA,чашка,1,чашка,1,"чашка подтвердил, старался вспомнить",1
бутылка,the bottle,"botree, tong, ravieh (leathern), zeghgh (leathern)",zujaaja,шиша,1,botli,22,шуьше,1,шуьше,1,шуьше,1,шуьше,1,шуьше,1,шуьше,1,шуьше,1,шуьше,1,шуьше,1,шуша,1,шуьше,1,şüşə,1,"botree, tong, ravieh (leathern), zeghgh (leathern)",2?,,шиша,1,ШУЬШЕ,1,ШУЬШЕ,1,бутылка,2,шуьше,1,бутылка,2,шуьше,1,шуьше,1,,NA,шуьше,1,бутылка,2,бутылка (шуьше подтвердил),"1,2",бутылк1а,2
трубка курительная,the pipe,0,ghalyoun,"цIулал хъалиян, хулхул хъалиян, трубка","1,5",čibuχi,22,0,NA,къалыен,1,хъалиен,1,хъалиян,1,хъалиен,1,муьштуьк1,2,къалиян,1,къалиян,1,хъалиян,1,"муьшт1ук, къалиян","1,2",къалиян,1,boru,3,0,,,юлле,4,къалиян,1,муштуьк1,2,къальян,1,къайлян,1,0,NA,муьштуьк1,2,муштуьк1,2,,NA,муштукь,2,трубка курительная,5,муштук (кьалиян азерб считает),2,къалиян,1
карман,the pocket,jeyb,jeyb,"чванта, киса","2,21",ǯibe,1,"джиб, хъултух, кисе","1,2,3",джиб,1,джиб,1,джиб,1,джиб,1,джиб,1,джиб,1,джиб,1,джиб,1,джибин,1,джиб,1,ҹиб,1,jeyb,,,кисе,2,жибин,1,жибин,1,джиб,1,джиб,1,джиб,1,жибин,1,жебин,1,жебин,1,жебин,1,карман,4,джиб,1,1,1
цвет,the colour/color,"por-rang, rang",loun,кьер,21,peri,22,"ранг, кIышды","1,2",ранг,1,ранг,1,ранг,1,ранг,1,ранг,1,ранг,1,"быч1 (это цветок, а не цвет)",NA,ранг,1,ранг,1,ранг,1,рəнҝ; чичəк; ҝүл,1,"por-rang, rang","1,2",,"тюс, ренк, бояв","1,3,4",ранг,1,ранг,1,ранг,1,ранг,1,ранг,1,ранг,1,ранг,1,ранг,1,ранг,1,цвет,5,ранг,1,1,1
ружьё,the gun,"tofang, toop",bunduqiya,туманкI,1,na,NA,туфанг,1,туханг,1,туфанг,1,туфанг,1,туфанг,1,туфанг,1,туфанг,1,туфанг,1,тифанг,1,туфанг,1,туфанг,1,түфəнҝ,1,"tofang, toop","1,2",,тюбек,1,тфенг,1,тфенг,1,тифанг,1,тифанг,1,тифанг,1,твенг,1,тфенг,1,тфенг,1,ярак1,2,ружьё,3,тифанг,1,1,1
медь,the copper,mes,nuhaas,пахь,21,sp'ilendzi,22,дзыр,1,дзыр,1,дзыр,1,дзыр,1,дзыр,1,дзыр,1,дзыр,1,дзыр,1,дзыр,1,дзыр,1,дзыр,1,мис,2,mes,"1,2",,"багъыр, ез","3,4",цур,1,цур,1,мис,2,0,NA,0,NA,цур,1,цыр,1,чар,1,цыр,1,медь,5,юхха (мис какой-то другой материал - может быть латунь?),6,1,6
золото,the gold,"tela, asjad",ðahab,месед,21,okro,22,къизил,1,къизил,1,къызил,1,къизил,1,къизил,1,къизил,1,къызиль,1,къизил,1,къизил,1,къизил,1,къизил,1,гызыл,1,"tela, asjad",,,алтын,2,АЛТУН,2,кьызил,1,къызиль,1,къызиль,1,къызиль,1,кьизил,1,къызил,1,,NA,къизил,1,золото,3,къизиль,1,1,1
"мяч, шар",the ball,"toop, toop-bazee",kura,торгIо (мяч),21,burti,22,туп,1,туп,1,туп,1,туп,1,туп,1,туп,1,туп,1,туп,1,туп,1,туп,1,туп,1,топ,1,"toop, toop-bazee","1,2",,топ,1,туп,1,туп,1,топ,1,топ,1,топ,1,туп,1,тур,1,туп,1,тып,1,"мяч, шар",2,топ,1,1,1
окно,the window,"orosee, bajeh, panjereh, tagheh","naafiða, shobbaak ",горду,21,panǯara,22,гъуIль,1,гъуль,1,гъул,1,гъул,1,гъул,1,гъул,1,гъул,1,гъул,1,гъул,1,гъуль,1,гъуль,1,пəнҹəрə; дəлик; дешик,"2,3,4","orosee, bajeh, panjerch, tagheh","1,2",,терезе,5,дак1ар,6,?т1аг,7,гъуль,1,гъуль,1,гъуль,1,т1аг,7,таг,7,т1аг,7,,NA,окно,8,гъуль,1,1,1
брюки,the trousers,"ezar, ranin, serval, shalvar",bantaloona,"na, тIажу (штаны)",21,šarvali,2,баду,1,баду,1,баду,1,баду,1,баду,1,баду,1,баду,1,баду,1,баду,1,баду,1,баду,1,шалвар,2,"ezar, ranin, serval, shalvar","1,2",,"шалбар, иштан","2,3",ШАЛВАР,2,ШАЛВАР,2,бада,1,бада,1,бада,1,шалвар,2,шалвар,2,"шалвар, вяхчег","2,4",шалвар,2,брюки,5,бада,1,1,1
цепь,the chain,zanjeer,silsilah,"рахас, синжир","1,21",ǯač'vi,22,0,NA,зинджир,1,силсил,1,силсил,1,силсил,1,сирсил,1,зинджир,1,зинжил,1,0,NA,зинжир,1,цепь,2,"zəncir (здесь был восклицательный знак, непонятно почему)",1,zanjeer,"1,2",,шынжыр,1,ц1иргъ,3,жинжир,1,зинджир,1,занжир,1,0,NA,жанжур,1,жанжир,1,жанжур,1,цепь,2,цепь,2,зинджир,1,зынджыр,1
вилка (которой кушают),the fork,"changal, shakheh, sheghgh",shauka,гIучI,21,čangali,1,чангал,1,вилка,2,чангал,1,чангал,1,чангал,1,чангал,1,хьылан,NA,чангал,1,чангал,1,хьылан,NA,0,NA,чəнҝəл,1,"changal, shakheh, sheghgh","1,2",,чиш,3,ЯВШАН,4,кьуькь,5,шана,6,шана,6,вилка,2,кьуькь,5,кьукь,5,кьукь,5,,NA,вилка,2,шана,7,1,7
олень,the reindeer/caribou,gavazn,ghazal,ритIучI,21,iremi,22,марал,1,джейран,2,марал,1,марал,1,нахчир,3,марал,1,михь,4,"михь, джейран","2,4",джейран,2,джейран,2,михь,4,maral,1,gavazn,,,къубагийик,5,мирг,6,мирг,6,марал,1,марал,1,джугъур,7,мирг,6,жейра,2,мирг,6,,NA,олень,7,марал,1,1,1
время,the time,vaght,"waqt, zaman, zamaan","заман, мех, гIуж",3,dro,22,"сагьаIт, вахт, замана, девран, вяде","1,2,3,4,5",вахт,1,вахт,1,вахт,1,вахт,1,вахт,1,вахт,1,вахт,1,вахт,1,вахт,1,вахт,1,"vaxt (здесь был восклицательный знак, непонятно почему)",1,vaght,"1,2",,"заман, вакъти, сагьат","1,2,6",ЧIАВ,7,вахт,1,вахт,1,вахт,1,вахт,1,вахт,1,вахт,1,вахт,1,вахт,1,время,8,вахт,1,1,1
деньги,the money,pool,"maal, flous, nuqoud",гIарац,21,puli,6,"танга, шийибыр","1,2",шийбыр,2,шийибыр,2,шийибыр,2,зар,3,шегьибиыр,2,"шийибыр, манутбыр","2,4",шийибыр,2,шийбыр,2,танга,5,танга,5,pul,6,pool,"1,2",,акъча,7,ПУЛ,6,ПУЛ,6,пыль,6,пыль,6,пыль,6,пул,6,пул,6,пул,6,пул,6,деньги,8,пыл,6,1,6
суп,the soup,soop,shorba,чурпа,4,ts'veni,22,цIыс,1,ц1ыс,1,рыкь,2,рикь,2,рыкь,2,рыкь,2,рыкь,2,рыкь,2,рыкь,2,"суп, чорпа","3,4",0,NA,şorbası,4,soop,,,шорпа,4,"хап1а, суп","3,5","хап1а, суп","3,5",йикь,2,йикь,2,йикь,2,"ц1уз, хап1а","5,6",ц1ыз ,6,ц1уз,6,хуьрек,7,суп,3,йикь,2,1,2
свинец (из чего пули),the lead,peeshahangee,rasaas,тIухьи,21,t'q'via,22,къургъушин,1,къургъушин,1,къургъушин,1,къургъушин,1,кургъушен,1,къургъушин,1,къургъушин,1,къургъушин,1,къургъушин,1,къургъушун,1,къургъушин,1,qurğuşun,1,peeshahangee,,,къоргъашын,1,кьуркьушум,1,кьуркьушум,1,гъургъушин,1,гъуршъушин,1,гъуршъушин,1,къыргъышин,1,къыргъышим,1,къургъушин,1,свинец,2,свинец (из чего пули),2,къуркъушин,1,къургъушун,1
коса,the scythe,afandareh,"mihsad, minjal",харицел,21,tseli,22,ч1а1на1к1,1,0,NA,ч1ина1к1,1,ч1а1на1к1,1,ч1инак1,1,чинакь,1,ч1ина1к1,1,ч1инак1,1,ч1инакь,1,ч1анак1,1,дергес,2,na,NA,afandareh,,,чалгъы,3,дергес,2,дергес,2,чалугъ,4,чалгъун,4,чалугъ,4,дургес,2,дергес,2,дергес,2,,NA,коса,5,чалгъу,4,подтв,4
серп,the sickle,"ghaleh, dabreh, afandareh, jakhsook","mihsad, mihash","нилъ, хъандиро",21,0,NA,араб,1,араб,1,араб,1,хыбык,2,хьабак,2,хабахъ,2,араб,1,араб,1,араби,1,араб,1,ик1,3,oraq,4,"ghaleh, dabreh, afandareh, jakhsook",,,оракъ,4,мукал,5,мукал,5,араб,1,араб,1,араб,1,баск1ун,6,баск1ун,6,баск1ун,6,,NA,серп,7,а1ра1б,1,а1раб,1
краска,the paint,rang,"talaa', dihaan, sebgh","лажбар, релъен",21,saʁebavi,22,"шир, ранг","1,2","ранг, шир","1,2",шир,1,ранг,2,читена,3,ранг,2,шир,1,шир,1,ранг,2,шир,1,ранг,2,boya,4,rang,"1,2",,"бояв, сыр","1,4",ранг,2,?шур,1,"ранг, шир","1,2",ранг,2,шир,1,шур,1,шур,1,ранг,2,шир,1,краска,5,шир,1,краска (шир подтвердил),1
тюрьма,the prison,"habs-khaneh, dakan, dokeh, zendan, mahbas","sijn, zindaan",туснахъ,1,tsiχe,22,дустах,1,дустагъ,1,дустагъ,1,дустагъ,1,дустагъ,1,дустагъ,1,дустагъ,1,дустагъ,1,"зулматхана, дустагъ?","1,2",тюрма,3,дустагъ,1,həbsxana,4,"habs-khaneh, dakan, dokeh, zendan, mahbas","1,2",,"туснакъ, зиндан","1,5",дустагъ,1,дусах,1,"тюрма, дустагъ","1,3",тюрма,3,0,NA,дусагъ,1,дустагъ,1,дустагъ,1,дусагъ,1,тюрьма,3,дустагъ,1,1,1
серебро,the silver,0,fiddah,гIарац,21,vertsχli,22,гымыш,1,гымыш,1,гумуш,1,гумуш,1,гумуш,1,гумуш,1,гымыш,1,гымыш,1,гымыш,1,гымыш,1,гымыш,1,gümüş,1,0,,,гюмюш,1,гимиш,1,гимиш,1,гумуш,1,гумуш,1,нукьра,2,гимиш,1,кумыш,1,гумыш,1,гумыш,1,серебро,3,нук1ра (гумуш подтвердил),"1,2",1 (гумуш азер),2
"замок (навесной), ключ",the lock,zoabeh,mighlaaq,"кIулал, кирит, рахай",4,k'lit'e,22,гюлег,1,гюлег,1,гулег,1,гулег,1,гулег,1,гулег,1,гюлег,1,къул?,2,гюлег,1,гюлег,1,гюлег,1,qala,3,zoabeh,,,кирит,4,"КЪЕЛЕ (зАмок), ДАПIАР (замОк)",5,дап1ара,5,куляк,1,куляк,1,0,NA,дап1арар,5,"килога, дап1арар","5,6",куьлаг ,1,кьулаг,1,замок (навесной),7,"куклак (куляк - ветер, тут такого нет)",7,кукляк,7
известковый раствор,the mortar(2),azhand,jeer,гачил раствор,21,na,NA,киредж,1,киредж,1,кирадж,1,кирадж,1,кирадж,1,кирадж,1,кирадж,1,кирадж,1,кирадж,1,киредж,1,киредж,1,minaatan,2,azhand,,,киречли сув,1,киреж (негашеная известь),1,киреж (негашеная известь),1,кирож,1,кирож,1,кирож,1,кереж,1,кереж,1,кереж,1,кереж,1,известковый раствор,3,"киреж, гьак","1,4",киреж (известь),1
крест,the cross,challepa,saleeb,хъанч,1,na,NA,хач,1,хач,1,хач,1,хач,1,хач,1,хач,1,хач,1,хач,1,хач,1,хаш,1,хаш,1,keçmək,2,challepa,,saleeb,хач,1,хаш,1,хаш,1,хач,1,хач,1,хач,1,хаш,1,хам,1,хаш,1,хаш,1,крест,3,хач,1,1,1
кулак,the fist,"oor, mosht",qabdah,зар,21,mušt'i,22,худ,1,худ,1,худ,1,худ,1,худ,1,худ,1,худ,1,худ,1,худ,1,худ,1,худ,1,yumruq,2,"oor, mosht",,,юмурукъ,2,гъуд,1,гъуд,1,худ,1,худ,1,худ,1,гъут,1,гъуд,1,гъут,1,,NA,кулак,3,худ,1,1,1
шутка,the joke,"shukhi, ekhtelat, kheetal",nuktah,махсара,2,χumroba,22,зарафат,1,зарафат,1,зарафат,1,зарафат,1,зарафат,1,зарафат,1,зарафат,1,масхара,2,зарафат,1,зарафат,1,зарафат,1,zarafat,1,"ekhtelat, kheetal","1,2",,"масхара, самаркъав","2,3",зарафат,1,зарафат,1,зарафат,1,зарафат,1,зарафат,1,зарафат,1,зарафат,1,зарафат,1,зарафат,1,шутка,4,зарафат,1,1,1
лопата,the spade,beel,"mijrafah, jarouf","бугьун, бел",1,ničabi,22,"бер, юхь","1,2",бер,1,къылсе,3,къылсе,3,къулсе,3,кансе,3,бер,1,бер,1,бер,1,бер,1,лопата,4,kürümək,5,beel,"1,2",,"бел, кюрек, лопата","1,4,6","йирф (деревянная), кьусу (деревянная), пер, юрф","1,2,7,8","йирф (деревянная), кьусу (деревянная), пер, юрф","1,2,7,8",курак,6,курак,6,лопата,4,пер,1,"лопатка, пел","1,4","лопатка, пер","1,4",лопатка,4,лопата,4,курак,6,1,6
ножницы,the scissors or shears,"bor, gheychee","miqass, miqraad",кIвекьмахх,21,mak'rat'eli,22,кьыIчIидбыр,1,кьыч1ид,1,къычид,1,кьы1ч1ид,1,къачид,1,къачид,1,кьыIдичIбыр,1,кьыIчIидбыр,1,къадыч1быр,1,мыкьрад,2,мыкьрад,2,qayçı,1,"bor, gheychee","1,2",,къайчы,1,къайчи,1,мукьрат,2,адиссе,3,адиссе,3,адисси,3,мукьрат,2,мукьрат,2,мукьрат,2,мукьрат,2,ножницы,4,адессе,3,1,3
одеяло,the blanket,patoo,"ghitaa', lihaaf","юргъан, одеял","1,2",mat'q'lis,22,"юргъан, одиял","1,2",юргъан,1,юргъан,1,юргъан,1,юргъан,1,юргъан,1,юргъан,1,адиял,2,юргъан,1,"адиял, юргъан","1,2","адиял, юргъан","1,2",yorğan,1,patoo,,,"ювургъан, шаршав, тёшек шаршав","1,3,4",яргъан,1,юргъан,1,"адиял, юргъан","1,2",ёргъан,1,юргъан,1,юргъан,1,юргъан,1,юргъан,1,одеяло,2,одеяло,2,йоргъан,1,адиял (йургъан теплое),"1,2"
буза,the fermented drink,0,bouða,чIагIа,21,na,NA,"буза, хаIн","1,2",ха1нь,2,хинч1е,3,хинч1е,3,буза/ха1н,"1,2",хинч1е,3,ха1н,2,ха1н,2,"хинче, буза","1,3",хы1нь,2,буза,1,gürültü,4,0,,,боза,1,буза,1,т1ач,5,выхына,6,выхы1на,6,выхынна,6,т1аг,5,т1ач,5,т1ач,5,т1ач,5,буза,1,вы1хна,6,1,6
гусь,the goose,ghaz,wazzah,хъаз,1,bat'i,22,къаз,1,къваз,1,къваз,1,къваз,1,къваз,1,къваз,1,къаз,1,къаз,1,къаз,1,къаз,1,къваз,1,dərzi ütüsü,2,ghaz,"1,2",,къаз,1,КЪАЗ,1,КЪАЗ,1,къаз,1,къаз,1,урдяг,3,къаз,1,къаз,1,къаз,1,0,NA,гусь,4,у1рдагъ,3,1,3
море,the sea,"darya, yam",bahr,ралъад,21,zʁva,22,да1рагь,1,дейра,1,дарья,1,дерьягь,1,дарьягъ,1,дерья,1,дерьягъ,1,дерьягь,1,дерьягь,1,дейра,1,дангыз,2,dəniz,2,yam,,,денгиз,2,гьуьл,3,гьуьл,3,дерье,1,дерье,1,дерье,1,гьуьл,3,гьуьль,3,гьуьль,3,гьуьль,3,море,4,дерья,1,дерьягь,1
сад,the garden,"bagh, baghcheh, baghestan, baghak, bostan","hadeeqah, riyadh",ах,21,baʁi,1,багъ,1,багъ,1,багъ,1,багъ,1,багъ,1,багъ,1,багъ,1,багъ,1,багъ,1,быстан,2,багъ,1,bağ,1,"bagh, baghcheh, baghestan, baghak, bostan","1,2",,бав,1,бахча,3,сагъл,4,багъ,1,багъ,1,багъ,1,"багъ, сагьл","1,4",багъча,3,багъ,1,багъ,1,сад,5,багъ,1,1,1
утка,the duck,"ordak, bat",battah,ордек,1,iχvi,22,уьрдег,1,уьрдег,1,уьрдег,1,"къваз, уьрдег","1,2",уьрдег,1,уьрдег,1,урдег,1,уьрдег,1,оьрдег,1,0,NA,къваз,2,ördək,1,"ordak, bat","1,2",,"оьрдек, бабиш","1,3",п1ат1,4,уьрдег,1,уьрдяг,1,уьрдяг,1,0,NA,уьрдег,1,уьрдег,1,уьрдег,1,-,NA,утка,5,къаз,2,уьрдаг,1
арка,the arch,tagh,qaus,"кIамури, гъапу",21,taʁi,3,чарх ад,1,чарх,1,арка,2,тагъ,3,тагъ,3,чарх,1,чарх,1,чарх,1,арх,1,чарх,1,чарх,1,tağ,3,tagh,"1,2",,гюмез,4,NA,NA,NA,NA,тагъ,3,арка,2,0,NA,чарх,1,чарх,1,чарх,1,арка,2,арка,2,не помнит,NA,нет,NA
колесо,the wheel,"takar, char",ajalah,"гьоко, гьакибер, чарх",1,borbali,22,чарх ад,1,чарх,1,туп,2,туп,2,туп,2,туп,2,туп,2,туп,2,туп,2,чарх,1,чарх,1,təkər,3,"takar, char","1,2",,дёгерчик,4,чарх,1,чарх,1,текар,3,текара,3,текар,3,чарх,1,чарх,1,чарх,1,чарх,1,колесо,5,тякар,3,1,3
виноград,the grape,angoor,enb,цIибил,21,q'urdzeni,22,"тIымыл, изюм, кишмиш","1,2,3",т1ымыл,1,т1ымыл,1,т1ымыл,1,т1ымыл,1,т1ымыл,1,т1ымыл,1,т1ымыл,1,т1ымыл,1,т1ымыл,1,т1ымыл,1,üzüm,2,angoor,,,юзюм,2,ЦИПИЦ,4,уьзуьм,2,т1ымыль,1,т1ымыль,1,т1ымыль,1,уьзуьм,2,уьзуьм,2,уьзуьм,2,уьзуьм,2,виноград,5,т1умуль,1,1,1
молоток,the hammer,"potk (smith's hammer), chakkosh",mitraq,квартIа,21,čakuči,2,сант,1,сант,1,сант,1,сант,1,сант,1,сант,1,сант,1,сант,1,сант,1,сант,1,сант,1,çəkic,2,"potk (smith's hammer), chakkosh","1,2",,чёкюч,2,к1ута,3,к1ута/каш,"3,4",к1аш,4,к1аш,4,к1аш,4,к1аш,4,к1аш,4,к1аш,4,к1аш,4,молоток,5,к1аш,4,1,4
"тухум, род",the clan,taefat,"al, 'aailah, 'asheerah",тухум,1,k'lani,22,"тум, цихил, тухум, кьабиле","1,2,3,4","тухум, цихил","1,2",тухум,1,тухум,1,"тухум, кьабила — редко","1,3","тухум, цыхил - нет","1,2","тухум, хъайбац1ар","1,5","тухум, арха, махле","1,6,7","тухум, ма1хле","1,8",тухум,1,тухум,1,tuhum,1,taefat,,,тухум,1,жинс,9,сихил,2,тухум,1,тухум,1,"тухум, насыр","1,10",сехил,2,"сехил, жинс","2,9",тухум,1,сихил,2,"тухум, род",11,тохум,1,тохум,1
яд,the poison,"zoaf, zefaf, zahr, samm, sharang",samm,загьру,2,šχami,22,"аугъу, зегьер, зегьриман, яман","1,2,3,4",агъу,1,авгъу,1,авгъу,1,авгъу,1,агъу,1,увгъу,1,увгъу,1,авгъа,1,агъу,1,агъу,1,zəhər,2,"zoaf, zefaf, zahr, samm, sharang","1,2",,?,NA,агъу,1,агъу,1,загъыр,2,захыр,2,загъыр,2,агъу,1,агъу,1,агъу,1,0,NA,яд,3,загьар,2,авгъу (загьар азер),1
"граница, межа",the boundary,"marz, parreh, saghar, hashieh, gheervan, karan, kanaf",hadd (pl. hudoud),гIурхъи,21,sazʁvari,22,саргьаIт,1,саргьа1т,1,саргьаIт,1,саргьа1т,1,саргъат,1,саргъат,1,саргъа1т,1,саргьат,1,саргьат,1,са1ргъа1т,1,саргъат,1,sərhəd,1,"parreh, saghar, hashieh, gheervan, karan, kanaf","1,2",,дазу,2,"ГЪАЯТ, СЕРГЬЯТ","1,3","ГЪАЯТ, СЕРГЬЯТ","1,3",сегьрат,1,сегьрат,1,сегьрат,1,сергьет,1,чсергьет,1,сергьет,1,сергьят,1,"граница, межа",4,"гор, сергьа1т (лучше второе)","1,5","вада (гор граница между полями, сергьат аззер)",6
санки,the sledge/sled,"potk, doroshkeh, soortmah, kooban",mizlajah,гьитIинал чанагъал,6,tsiga,22,"гъаIль, гъаIлер",1,гъа1ль,1,кирхе,2,кирше,2,кирше,2,кирше,2,хезек1,3,сиде?,4,гьараби,5,гъаль,1,гъа1ль,1,na,NA,"potk, doroshkeh, soortmah, kooban",,,"чана, чаналар",6,гъел,1,гъилирар,1,хизаг,3,хизаг,3,хизаг,3,жилерар,7,гьэлерар,1,кьамар алерар,8,санки,9,санки,9,хизагъ,3,хизахъ,3
цена,the price,"qeymat, baha","si'r, qeemah, θaman","багьа, къимат, мухь",1,pasi,22,кьимет,1,кьимет,1,кьимет,1,кьимет,1,кьимет,1,кьимет,1,кьимет,1,кьимет,1,кьимет,1,кьимет,1,кьимет,1,qiymət,1,baha,2,,"багьа, къыймат, гьакъ","1,2,3",мас,4,кьимет,1,кьыймат,1,кьиймат,1,кьимат,1,кьимет,1,к1емет,1,к1емат,1,к1емат,1,цена,5,к1иймат,1,1,1
пила,the saw,arreh,"minsharr, meesharr",хъухъадиро,21,χerχi,22,меншер,1,меншер,1,къыздабил,2,"гирдебил, дархъилаг, *меншер","2,3",гирдебил,2,дархилаг,3,"гирдаб, дархъилак, меншер","1,2,3","кирдаб, дархилаг","2,3",кирдаб,2,меншер,1,меншер,1,mişar,1,arreh,,,бычгъы,4,мишер,1,мишер,1,гирдабиль,2,гердабиль,2,гердабиль,2,меншере,1,меншери,1,меншери,1,,NA,пила,5,"айхьа, гердабиль","1,5",айха,5
лекарство,the medicine,,dawaa',"дару, дарман","1,21",meditsina,22,дарман,1,"дава, дарман","1,2",дарман,1,дарман,1,дарман,1,дарман,1,дарман,1,дарман,1,дарман,1,дава,2,дарман,1,tibb,3,,,,дарман,1,дарман,1,дарман,1,дарман,1,дарман,1,дарман,1,дарман,1,дарман,1,дарман,1,дарман,1,лекарство,3,дарман,1,1,1
семья,the family,xanevadeh,"aailah, usrah",хъизан,1,oǯaχi,22,"хизан, куьльфет","1,2",хизан,1,хизан,1,хизан,1,кулфат,2,хизан,1,хизан,1,хизан,1,хизан,1,хизан?,1,хизан,1,ailə,3,,,,"уягьлю, агьлю","3,4",килфет,2,хизан,1,хизан,1,хизан,1,хизан,1,хизан,1,хъзан,1,хизан,1,хизан,1,семья,5,хизан,1,1,1
мост,the bridge,,jisr,кьо,21,χidi,22,гъа1,1,гъа1,1,гъа1,1,гъа1,1,гъа,1,гъе1,1,гъа1,1,гъа1,1,гъа,1,гъа1,1,гъа1,1,körpü,2,,,,кёпюр,2,тахта,3,муьгъ,4,цигъ,5,йугъ,6,йугъ,6,муьгъ,4,муьгъ,4,,NA,,NA,мост,7,йы1гъ,6,1,6
"друг, приятель",the friend,dust,saahib,гьудул,21,megobari,22,"хыди, юлдаш, дуст,къардаш","1,2,3,4",юлдаш,1,дуст,2,дуст,2,дуст,2,дуст,2,юлдаш,1,юлдаш,1,"дост, юлдаш","1,2",юлдаш,1,юлдаш,1,dost,2,,,,"къурдаш, ёлдаш, ювукъ, дост ёлдаш","1,2,3,5",КЪАРДАШ,3,дуст,2,дуст,2,дост,2,дуст,2,дуст,2,юлдаш,1,дуст,2,юлдаш,1,"друг, приятель",6,дост,2,1,2
гвоздь,the nail,,mismaar,магI,21,na,NA,"мысмар, хъатах","1,2",мусмар,1,масмар,1,масмар,1,масмар,1,масмар,1,мысмар,1,мысмар,1,мысмар,1,мысмар,1,мысмар,1,dırnaq,3,,,,"мых, чюй","4,5",МИСМАР,1,мысмар,1,мысмар,1,мысмар,1,мысмар,1,масмар,1,масмар,1,"михъ, масмар","1,4",мих,4,гвоздь,6,къадах (мысмар - азерб - для лошадей),2,къадах,2
вилы (сена),the fork(2)/pitchfork,,midrah,no,NA,pits'ali,22,хьылан,1,хьылан,1,хьибк1ари,2,хьибк1ари,2,хьиккари,2,хибкари,2,NA,NA,хылан,1,"хьылан, кьынгери","1,3",хьылан,1,хьылан,1,yaba,4,,,,сенек,5,КЬУЬК,6,КЬУЬК,6,яба,4,яба,4,яба,4,кьуьк,6,кьуьк,6,кьуьк,6,,NA,вилы,7,"хьева, яба","8,4",хьева (яба - мишлеш),8
"щипцы, клещи",the tongs,,qarrasah,гъецI,1,maša,2,"къецI, келбатун","1,2",кельбатун,2,къа1ц1,1,калбатун,2,къац,1,калбатун,2,калбатун,2,"калбатун, къац","1,2",калбатун,2,къа1ц,1,къец,1,maşa (щипцы),3,,,,"маша, келпете","3,4","маша (для углей), хех","3,5",хех,5,кальбатун,2,кальбатун,2,кальбатун,2,хях,5,хех,5,къец1,1,къяц,1,"щипцы, клещи",6,кальбатын,2,1,2
тыква,the pumpkin or squash,,qar'ah,хъабахъ,1,0,NA,къабах,1,къабах,1,къабах,1,къабах,1,кабах,1,кабах,1,къабах,1,къабах,1,къабах,1,къабах,1,къабах,1,balqabaq,2,,,,къабакъ,1,буран,3,къабах,1,кьабах,1,к1абах,1,къабах,1,къабах,1,кабах,1,къабах,1,къабах,1,тыква,4,кьабахь,1,1,1
ложка,the spoon,,mil'aqa,"гъуд, балухъ, бугьун",21,k'ovzi,22,дур,1,дур,1,дур,1,дур,1,дур,1,дур,1,дур,1,дур,1,дур,1,дур,1,дур,1,qaşıq,2,,,,къашыкъ,2,т1ур,1,т1ур,1,к1ук1,3,к1ук1,3,к1ук1,3,т1ур,1,т1ур,1,т1ур,1,т1ур,1,ложка,4,к1ук1,3,1,3
зеркало,the mirror,,"mir'aah, mirayah(dial.)",матIу,21,sark'e,22,гюзгю,1,гюзги,1,гузге,1,гузге,1,гузги,1,гузге,1,гюзге,1,гюзге,1,гюзге,1,гюзгю,1,гюзгю,1,güzgü,1,,,,гюзгю,1,ГУЬЗГУЬ,1,ГУЬЗГУЬ,1,нухри,2,нахури,2,нухари,2,гуьзгуь,1,гуьзгуь,1,гуьзгуь,1,гуьз,1,зеркало,4,нахвари,2,нахварий,2
барабан,the drum,,tablah,къали,21,doli,22,накьра,1,накьра,1,накьра,1,накьра,1,накьра,1,накьра,1,накьра,1,накьра,1,накьра,1,макьра,1,накьра,1,nağara,1,,,,"накъыра, барабан","1,2",ДАЛДАМ,3,ДАЛДАМ,3,накьра,1,накьра,1,накьра,1,далдам,3,далдам,3,далдам,3,далдам,3,барабан,4,накьра,1,1,1
кукуруза,the maize/corn,,ðurrah,цIоросаролъ,21,na,NA,къаргъадалый,1,къаргъадалый,1,къаргъудали,1,къаргъудали,1,каргъудали,1,къаргъудали,1,къаргъудели,1,къаргъудели,1,каргъаделле,1,кукуруза,2,къаргъадалай,1,qarğıdalı,1,,,,гьабижай,3,гьажибугъда,4,кукуруз,2,къаргъадали,1,къаргъадали,1,къаргъадали,1,кукуруз,2,"ажибулда, кукуруз","2,4",кукуруз,2,,NA,кукуруза,2,къаргъадали,1,1,1
войлок (из чего делают бурки),the felt,,"libd, lubbad",буртина,21,pet'ri,22,лит,1,лит,1,лит,1,лит,1,лит,1,лит,1,лит,1,бегиг?,2,тын,3,тараджа?,4,дыныд ухур,5,keçə,6,,,,кийиз,7,лит,1,лит,1,кече,6,лит,1,0,NA,лит,1,0,NA,лит,1,0,NA,войлок,7,йис (для веревок; кече подтвердил - для бурок; лит - это бурка),8,киче,6
раб,the slave,bandeh,abd,лагъ,21,mona,22,"къул, лыIкI","1,2",къул,1,къул,1,наджбар,3,къул,1,"къул, наджбар","1,3",лык1,2,нуькьва,4,къул,1,лы1к1,2,лыкь,2,qul,1,,,,къул,1,"бенде, къул, лук1","1,2,5",лык1,2,къул,1,къул,1,къул,1,лык1,2,лык1,2,лык1,2,"лык1, лук1",2,раб,6,,NA,къул,1
игла,the needle(1),,"khiyaat, ibrah, shaukah",рукIкIен,21,nemsi,22,руб,1,руб,1,руб,1,руб,1,руб,1,руб,1,руб,1,руб,1,руб,1,руб,1,руб,1,iynə,2,,,,ине,2,NA,NA,раб,1,выеба,3,ваяба,3,выяба,3,раб,1,раб,1,раб,1,,NA,игла,4,вийба,3,1,3
труп,the corpse,,juθmaan,"жаназа (человеческий), балкан (животное)",3,gvami,22,майит,1,майит,1,майит,1,майит,1,майит,1,майит,1,джандахъ,2,майит,1,джаназа,3,майит,1,майит,1,cəsəd,4,,,,"оьлген къаркъара, сюек","5,6",мийит,1,мийит,1,элу,7,элу,7,майит,1,муит,1,муит,1,муит,1,маит,1,труп,8,о1ле,7,джаназа (о1ле подтвердил),"3,7"
работа,the work,kar,amal,хIалтIи,21,mušaoba,22,гвалах,1,к1валах,1,ма1ъа1ш,2,ма1ъа1ш,2,маъа1ш,2,маъа1ш,2,к1валах,1,к1валах,1,к1валах,1,к1валах,1,квалах,1,iş,3,,,,иш,3,к1валах,1,к1валах,1,иш,3,иш,3,ищ,3,к1валах,1,0,NA,к1валах,1,,NA,работа,4,иш,3,1,3
мука (пшеничная),the flour,,"tihn, taheen","гIазаб, гIакъуба",21,pkvili,22,ху1р,1,хы1р,1,хы1р,1,хы1р,1,ху1р,1,ху1р,1,ху1р,1,ху1р,1,хы1р,1,хы1р,1,гъу1ль,2,un,3,,,,ун,3,гъуьр,1,гъуьр,1,ху,1,ху,1,ху,1,хуьр,1,хуьр,1,хуьр,1,хуьр,1,мука (пшеничная),4,ху1,1,1,1
топор,the axe/ax,,"tabar, fa's",гIащтIи,21,tsuli,22,балта,1,балта,1,балта,1,балта,1,балта,1,балта,1,балта,1,балта,1,балта,1,балта,1,балта,1,balta,1,,,,балта,1,як1в,2,наджах,3,як1в,2,як1в,2,як1в,2,наджах,3,наджах,3,нажах,3,нажах,3,топор,4,як1в,2,1,2
кошка,the cat,,"qittah, hirrah","кето, гъанцIа, гъецI",1,k'at'a,1,га1т,1,гыт,1,гет,1,гет,1,кет,1,гет,1,гет,1,гет,1,гет,1,га1ть,1,гет,1,pişik,2,,,,мишик,2,кац,3,кац,3,бисий,2,биси,2,биси,2,кац,3,кац1,3,кац1,3,кац1,3,кошка,4,бисий,2,1,2
стена,the wall,,"haait, jidaar, judraan",къед,21,k'edeli,22,мас,1,мас,1,мас,1,мас,1,мас,1,мас,1,мас,1,мас,1,мас,1,мас,1,мас,1,divar,2,,,,"там, чыр","3,4",цал,5,цал,5,дувар,2,дувар,2,давар,2,цал,5,цал,5,цал,5,цал,5,стена,6,"дувар, баругъ (выложенная стена)","2,7",дывар,2
крупный рогатый скот,the cattle,,mawaashi,"чIегIербоцIи, ħaywan",21,na,NA,"къара мал, зебыр","1,2",даварар,3,"даварар, къара мал","1,3","даварар, зер","2,3","зебыр, малбыр","1,3","йас, зер, малбыр, карамал — азерб","1,2,3",карамал,1,малбыр,1,малбыр,1,малбыр,1,даварар,2,mal-qara,1,,,,къара тувар (рогатый скот),1,къарамал,1,къарамал,1,къарамал,1,чавра,4,чавра,4,къармал,1,"колер, малар","1,5","мал-хеб, къарамал","1,6",суьри,7,крупный рогатый скот,8,"мал, гьайванар, къарамал подтвердил",1,"къарамал по азр, чавра","1,4"
долг (денежный),the debt,,"dein, madyuniyah","налъи, борч, тIадаб жо, гьабизе тIадаб иш, къарз",1,vali,22,бырдж,1,бырдж,1,бырдж,1,бырдж,1,бырдж,1,бырч,1,бырдж,1,бырдж,1,бырдж,1,бырдж,1,бырдж,1,borc,1,,,,борч,1,БУРЖ,1,БУРЖ,1,борж,1,борж,1,борж,1,бурж,1,бурж,1,бурж,1,бурж,1,долг,2,борж,1,1,1
свинья,the pig,,khenzeer,болъон,21,ʁori,22,дунгъуз,1,дунгъуз,1,дунгъуз,1,дунгъуз,1,дунгуз,1,дунгуз,1,дунгъуз,1,дунгъуз,1,дунгуз,1,дунгъуз,1,дунгъуз,1,donuz,1,,,,донгуз,1,вак,2,вак,2,вок,2,вок,2,вок,2,"вок, цуьнуь","2,3",вак,2,вак,2,вак,2,свинья,4,вок,2,1,2
петух,the cock/rooster,,deek,хIелеко,21,mamali,22,дадал,1,дадал,1,дадал,1,дадал,1,дадал,1,дадал,1,дадал,1,дадал,1,дадал,1,дадал,1,дадал,1,sik,2,,,,хораз,3,к1ек,4,к1ек,4,дадал,1,дадал,1,дадал,1,к1ек,4,кек,4,к1ек,4,,NA,петух,5,дадал,1,1,1
"ремень, пояс",the belt,,hizaam,"рачел, гIарщ, хьвацIил чIоло",21,kamari,22,чIил,1,ч1ил,1,ч1ил,1,йикьа1йди,2,йакьайяги,2,чил,1,ч1ил,1,ч1ил,1,ч1ил,1,ч1ил,1,чил,1,qayış (ремень),3,,,,къайыш; белбав,"3,4",ч1ул,1,ч1ул,1,камар,5,камар,5,камар,5,ч1ул,1,чул,1,чул,1,,NA,"ремень, пояс",6,кемер,5,1,5
нитка,the thread,,kheit,"квасул, чиллайдул ва гь.ц. кун",21,dzapi,22,ухур,1,ухур,1,ухур,1,ухур,1,ухур,1,ухур,1,ухур,1,ухур,1,ухур,1,ухур,1,ухур,1,sap,2,,,,йип,3,гъал,4,гъал,4,ухара,5,ухара,5,ухура,5,гъал,4,гъал,4,гъал,4,хал,4,нитка,6,"сап, (ухара подтвердил - но шерстяная)","2,5",1 (ухара - шерстяная нитка),"2,5"
железо,the iron,,hadeed,махх,21,rk'ina,22,йилаг,1,йиляг,1,йилаг,1,йилег,1,йилаг,1,гьилаг,1,йилег,1,йилег,1,NA,NA,йилаг,1,йилаг,1,dəmir,2,,,,темир,2,РАКЬ,3,РАКЬ,3,йива,4,йива,4,йилагъ,1,ракь,3,ракъ,3,ракъ,3,ракъ,3,железо,5,йюва,4,"йюва - подтвердил, но это металл, йюхха сталь",4
волк,the wolf,,ðiab,бацI,21,0,NA,убул,1,убул,1,убул,1,убул,1,убул,1,губул,1,убул,1,убул,1,убул,1,убул,1,убул,1,canavar,2,,,,бёрю,3,ЖАНАВУР,2,ЖАНАВУР,2,джанавар,2,джанавар,2,джанавар,2,жанавур,2,жанавур,2,жанагур,2,жанавур,2,волк,4,джанавар,2,1,2
вдова,the widow,,armalah,къоролай,21,kvrivi,22,выгIыл йикьид хьыдылды,1,хиндадый,2,къайвани,3,къайвани,3,къайвани,3,къайвани,3,хиндандай,2,хиндандай,2,хьиндандай,2,хьиндадай,2,хьиндадай,2,dul,4,,,,тул къатын,4,ХЕНДЕДА,2,хындадай,2,сип1ыри,5,сип1ыри,5,сеп1ыри,5,хындадай,2,гъуьл кье паб,6,хиндадай,2,хендадай,2,вдова,7,сып1ри,5,суп1ри,5
гриб,the mushroom,,futr,гIурдахIан,21,sok'oebi,22,чеч,1,чеч,1,ц1ик1вал,2,ц1ик1вал,2,чиков,3,ц1икал,2,пафбыр,4,паф,4,паф,4,чач,1,чеч,1,göbələk,5,,,,къолкъотур,6,КЪАРНИКЪУЗ,7,"паф, къарникъуз","4,7",п1ап1ыш,8,п1ап1ыш,8,п1ап1ыш,8,паф,4,паф,4,паф,4,,NA,гриб,9,кябаляй,5,кябаляй подтв (но по азер),5
голос,the voice,seda,sout,гьаракь,21,χma,22,сес,1,сес,1,сас,1,сас,1,сас,1,сас,1,сес,1,сес,1,сес,1,сес,1,сес,1,səs,1,,,,"тавуш, аваз, сес","1,2,3",СЕС,1,СЕС,1,сес,1,сес,1,сес,1,сес,1,сес,1,сес,1,сес,1,голос,4,сес,1,1,1
гость,the guest,mehmoon,dheif,гьобол,21,st'umari,22,мийман,1,мийман,1,мигьман,1,мигьман,1,мигьман,1,мигьман,1,мигьман,1,мигьман,1,мигьман,1,мигьман,1,мигьман,1,qonaq,2,,,,къонакъ,2,МУГЬМАН,1,МУГЬМАН,1,мигьман,1,мигьман,1,мигьман,1,мегьман,1,муьгьман,1,мегьман,1,мугьман,1,гость,3,мигьман,1,1,1
клюв,the beak,,"minqaar, minqaad",гозо,21,nisk'art'i,22,к1ухь,1,к1ух,1,"бук1, к1уф?","1,2",к1уф,1,к1ухь,1,к1уф,1,к1ухь,1,к1ухь,1,к1ухь,1,к1ыф,1,к1уф,1,dimdik,3,,,,къуш бурун,4,к1уф,1,к1уф,1,бок1,2,бок1,2,бок1,2,к1уф,1,к1уф,1,к1уф,1,,NA,клюв,5,к1ухь,1,подтв,1
свадьба,the wedding,"ezdevaj, namzadi","zawaaj, 'urs, tazawwuj",бертин,21,korts'ili,22,"дават, туй","1,2",дават,1,дават,1,дават,1,дават,1,дават,1,даватбыр,1,дават,1,дават,1,дават,1,дават,1,toy,2,,,,той,2,мехъер,3,тавияр,4,даватбе,1,даватбе,1,дават,1,туяр,2,туй,2,"туй, межлис","2,5",,NA,свадьба,6,даватбы,1,1,1
паук,the spider,,ankabout,"нусиреч (къорола, гIанкабутI)",21,oboba,22,хашанкIвалый,1,хашанк1алый,1,хашанк1ал,1,хашанкIал,1,хашанк1ал,1,хашанкал?,1,хашанк1ал,1,хашанк1валый,1,шанк1ал,1,хашк1ар,1,хашанк1валый,1,hörümçək,2,,,,"мияма, мия",3,хуьшрекан,5,хуьшрекан,5,гинданахъ,6,гиндарахъ,6,гиндарахъ,6,хуьчрекун,5,хуьшрекан,5,хуьшрекан,5,,NA,паук,6,о1лимчак (вспомнил потом),7,"подтвердил, азерб",7
цветок,the flower,,zahrah,тIегь,6,q'vavili,22,"бычI,бычIбыр",1,быч1,1,бич1,1,бич1,1,пич1,1,ич,1,быч1,1,быч1,1,быч1,1,быч1,1,быч1,1,gül,2,,,,чечек,3,"гуьл (заим.), цуьк","4,5",цуьк,5,т1ет1ь,6,т1ет1ь,6,т1ет1ь,6,цуьк,5,цуьк,5,цуьк,5,,NA,цветок,7,"т1ет1, гуль","2,6",1,"2,6"
"шрам, рана",the scar,,nadbah,ругънал (хутIараб) гIуж,21,naiarevi,22,"лышан, йыхыIнь, яра","1,2,3",лышан,1,лышан,1,лышан,1,йыхыIнь,2,лышан,1,ич,4,лышан га,1,лышан,1,ич,4,лышан,1,çapıq,5,,,,яра дамгъа,3,кьац1,6,ишк1ал,7,0,NA,чапых,5,0,NA,ишк1ал,7,хер ,8,лишан  ,1,,NA,шрам,9,чапых,5,подтв,5
пыль,the dust,,turaab,хIур,21,na,22,руг,1,руг,1,туз,2,туз,2,туз,2,туз,2,туз,2,туз,2,туз,2,руг,1,руг,1,toz,2,,,,чанг,3,руг,1,туз,2,тоз,2,тоз,2,тоз,2,туз,2,туз,2,руг,2,туз,2,пыль,4,тоз,2,1,2
ящерица,the lizard,,"sihliyah, dhabb",кьинч,21,χvlik'i,22,накьыIваIкь,1,някьы1ва1кь,1,футфул,2,хьутхьул,2,хьутхьул,2,хьутхьул,2,"накьыIваIкь, ц1ак1арак","1,3",?,NA,ц1ак1арак,3,накьывакь,1,маркьы1вакь,1,kərtənkələ,4,,,,гесертки,5,чурчул,6,хурлинк1,7,бынек,8,бынек,8,бынек,8,хурлинк1,7,хорлен,7,хурлинк1,7,,NA,ящерица,9,кализ,10,1,10
"вещь, предмет (вот эту вещь дай мне)",the thing,,shei',"жо, предмет",21,nivti,22,кар,1,кар,1,кар,1,кар,1,кар,1,кер,1,кар,1,кар,1,кар,1,кар,1,кар,1,şey,2,,,,зат,3,ШЕЙ,2,ШЕЙ,2,кар,1,кар,1,кар,1,шей,2,шеъ,2,шеъ,2,шеъ,2,"вещь, предмет",4,кар,1,1,1
"кабан, боров, вепрь",the boar,,hallouf,хъабан болъон,1,0,NA,"къабан, кабан",1,къабан,1,дунгъуз,2,дунгъуз,2,къабан,1,дунгъуз,2,дунгъуз,2,дунгъуз,2,къабан,1,къабан,1,дунгъуз,2,qaban,1,,,,къабан,1,вак,3,вак,3,къабан,1,вок,3,къабан,1,"къабан, вак","1,3",вак,3,вак,3,вак,3,"кабан, боров, вервь",1,кьабан,1,1,1
ворота,,,"baab, bawaabah",0,NA,0,NA,"дарваза, къапа","1,2",дарвазабыр,1,давраза,1,давразабыр,1,давразабыр,1,дарваза,1,дарваза,1,дарвазыбыр,1,ракбыр,3,дарваза,1,дарвазабыр,1,darvaza,1,,,,"къапулар, къапу",2,вар,4,дарваза,1,дарваза,1,аккаби,5,аккаби,5,дарваза,1,"рык1арар, дарвазаяр","1,3","рак1арар, варар","3,4",ракь,3,ворота,5,дарваза (акка - комнатные двери),1,1,1
дверь,the door or gate,dar,baab,"нуцIа, рагьу",21,k'ari,22,рак,1,рак,1,рак,1,рак,1,рак,1,рак,1,рак,1,рак1,1,,NA,рак,1,рак,1,qapı,2,,,,эшик,3,рак,1,рак,1,акка,4,аккаби,4,аккаби,4,ракь,1,рак,1,рак,1,,NA,дверь,5,акка,4,1,4
сирота,the orphan,,yateem,"бесдал лъимер, ятим",1,oboli,22,"етим, есир","1,2",етим,1,етим,1,етим,1,етим,1,етим,1,етим,1,етим,1,етим,1,етим,1,етим,1,yetim,1,,,,"етим, оьксюз","1,3",етим,1,етим,1,етим,1,етим,1,етим,1,есив??,2,етим,1,"етим, есим","1,2",етим,1,сирота,4,"суп1ри, етим - подтвердил, суп1ри вдова?",1,подтвердил етим,1
лягушка,the frog,,"dafda', naqqaaqah",къверкъ,21,baq'aq'i,22,гъы1б,1,гъы1б,1,пы1лхъ,2,пы1лхъ,2,пы1лхъ,2,хъалхъ,3,гъы1б,1,мы1хъ?,4,хы1б,1,гъы1б,1,гъы1б,1,qurbağa,5,,,,бакъа,6,къиб,1,къиб,1,палхъай,2,палхъай,2,палхъай,2,къиб,1,къиб,1,къиб,1,,NA,лягушка,7,кьулбагъа,5,1,5
кольцо,the ring,,"daairah, halqah, tawq",гор,21,beč'edi,22,"т1ыба1ъа1л, уб","1,2",т1ыба1ъа1л,1,т1ыба1ъа1л,1,иб,2,т1уьбел,1,иб,2,"т1илия, мыгъыр","3,4",?,NA,мыгъыр,4,т1ыба1ъа1л,1,т1ы1па1ль,1,üzük,5,,,,"гьалкъа, юзюк, солгъу, минав","5,6,7,8",туп1ал,1,туп1ал,1,хъым,9,ты1жва,10,т1ыжва,10,туп1ал,1,туп1ал,1,туп1ал,1,,NA,кольцо,11,т1ужба,10,подтв,10
песня,the song,,"ughniyah, ghanwah",кечI,21,simʁera,22,няни,1,няъни,1,баяти,2,баяти,2,баяти,2,байти?,2,ма1кьни,1,макьни,1,ма1кьни,1,маъни,1,магъни,1,mahnı,1,,,,"йыр, сарын","3,4","баяд, лугъун, мани","1,2,5","баяд, лугъун, мани","1,2,5",маъни,1,маъни,1,маъни,1,маъни,1,маъни,1,маъни,1,маъни,1,песня,6,ма1ли,1,ма1ли подтвердил,1
летучая мышь,the bat,,khoffaash,"дергело, къохьолъалкIач",21,ʁamura,22,хъархъанаг,1,0,NA,0,NA,кьваркьыд хьыли,2,кьваркьыд хыли,2,?,NA,0,NA,магъыд?,3,махъыхъ,3,хъархъанаг,1,къаркъанак,1,yarasa,4,,,,"гечекъуш, варканат","5,6",кьаркьулув,7,хъархъаба,1,шипихыр,8,шипихыр,8,0,NA,хъырхъаба,1,хъархъаба,1,хъырхъаба,1,,NA,летучая мышь,9,ч1ирч1апагь,10,чирхы чапар,11
"серьга, сережка",the earring,,"qurt, halqah",кIилкIал (мн.ч),21,saq'ure,22,"халхалагбыр, убра аъадбыр","1,2",халхалаг,1,халхалаг,1,халхалаг,1,убрама ад,2,халхалаг,1,убра абыр,2,халхад?,1,убрабыр,2,убрабыр,2,убра хайбыр,2,küpe,3,,,,"сыргъалар, гьалкъалар","4,5",япагъан,6,эпен,7,тана,8,тана,8,тана,8,эпен,7,"эпен, япак1ан","6,7",эпен,7,,NA,"серьга, сережка",9,гьалкьа1,10,тана (гьялкьа1 неправильно),8
сосед,the neighbour,,jaar,"мадугьал, аскIов гIодов чIарав чи",21,mezobeli,22,къумши,1,къумши,1,къунши,1,къунши,1,къумши,1,к1унши,1,къумши,1,къумши,1,къумши,1,къумши,1,къумши,1,qonşu,1,,,,хоншу,1,къунши,1,къунши,1,къунши,1,къунши,1,къунши,1,къунши,1,къунши,1,къуьнши,1,,NA,сосед,2,къунши,1,1,1
браслет,the bracelet,,"tawq, iswaar",курхьин,21,samaǯuri,22,"тIыбыхъ,браслет","1,2",т1ыбыхъ,1,"т1ыбыхъ, т1ул","1,3",т1ул,3,0,NA,мыгь1ыр,4,?,NA,лимаг?,5,ч1ил,6,т1ыбыхъ,1,0,NA,bilərzik,6,,,,билезик,6,цам,7,цам,7,къулбагъ,8,леха,9,лемех,10,цам,7,цам,7,цам,7,,NA,браслет,2,къолбагъ,8,къолбагъ тоже можно но не то,NA
одежда,the clothing or clothes,,"malaabis, libaas, θiyaab",ретIел-кун,21,t'ansatsmeli,22,"валыг, валыгмар",1,валыгмар,1,валыг,1,валыгмар,1,валыг,1,залык,1,валыгмар,1,валыг,1,валыг,1,валыг,1,валыгмар,1,paltar,2,,,,"опуракъ, гийим","3,4","гинибашар (уст.), либас, партал, пек (диал.)","2,5,6,7",пекер,7,партал,2,партал,2,карби,8,пекер,7,пекер,7,"пек, партал","2,7",пекер,7,одежда,9,палтар,2,1,2
пещера,the cave,,"kahf, ghaar",нохъо,21,gamokvabuli,22,0,NA,0,NA,0,NA,0,NA,фан,1,гуй,2,уби,3,шам,4,хъам,5,0,NA,0,NA,mağara,6,,,,анакъ,7,"дагьар, кьвет1","8,9",къап,10,къугъли,11,къугъли,11,къугъли,11,къап,10,къап,10,мугъара,6,0,NA,пещера,12,кувыль,11,кывыль,11
тело,the body,tan,"jism, jasad","черх, къаркъала",2,t'ani,21,0,NA,джан,1,джан,1,джан,1,0,NA,чандахъ,2,джан,1,беден,3,беден,3,джандахъ,2,беден,3,bədən,3,,,,къаркъара,4,"беден, жасад (редк.), жендек","2,3,4","беден, жасад (редк.), жендек","2,3,4","джан, беден","1,3",джан,1,джандахъ,2,"беден, чан","1,3",чан,1,"жандак, чан","1,2",чан,1,тело,5,джандак,2,джан,1
год,the year,sal,"sanah, 'aam","сон, лъагIел",1,ts'elits'adi,22,0,NA,сен,1,сен,1,сен,1,сен,1,сен,1,сен,1,сен,1,сен,1,сен,1,сен,1,il,2,,,,йыл,2,йис,3,йис,3,сен,1,сень,1,сень,1,йюс,3,йис,3,йис,3,йис,3,год,4,сен,1,1,1
метла,the broom,,"miknasah, miqashah",жул,21,tsotsχi,22,"хьырыс, мугул, макьа1кьа1л","1,2,3",мугул,2,хьырыс,1,мугул,2,мугул,2,мугул,2,хьырыс,1,мугул,2,мугул,2,"мугул, хьырыс","1,2",хьырыс,1,süpürgə,4,,,,сибиртки,5,кул,6,кул,6,хьырыс,1,хьырыс,1,ч1ахь,7,кул,6,кул,6,кул,6,,NA,метла,8,"ч1ахь (уличная, хьырыс - для комнат)",7,ч1ахь (маленькая хырыс),7
вор,the thief,dozd,"saariq, sarraaq, liss",цIогьор,21,kurdi,22,"дагулчи, сырыхчи","1,2",сырыхчи,2,сырыхчи,2,къачах,3,сырыхчей,2,качах,3,сырыхчи,2,сырыхчи,2,убулчи/сырыхчи,"2,4",0,NA,къачах,3,oğru,5,,,,уручу,6,УГЪРИ,5,къачах,3,сихнари,6,сихнари,6,сихнари,6,къачах,3,къачах,3,"къачах, чунуьхбангат","3,7",угъри,5,вор,7,сихнари,6,1,6
борода,the beard,,lihyah,мегеж,21,ts'veri,22,мичри,1,мич1ре,1,мич1ре,1,мыч1ри,1,мычре,1,мичри,1,мыч1ре,1,мыч1ри,1,мыч1ре,1,мич1ир,1,мыч1ри,1,saqqal,2,,,,сакъал,2,ЧУРУ,3,чири,3,сахъал,2,сахъал,2,сахъал,2,чири,3,чири,3,чуруь,3,чири,3,борода,4,сакъал,2,1,2
гребень; расческа,the comb,,mosht,гьоркьо (гребень),21,savartsχeli,22,раIгъ,1,ра1гъ,1,ра1гъ,1,ра1гъ,1,ра1гъ,1,рагъ,1,ра1гъ,1,ра1гъ,1,ра1гъ,1,ра1гъ,1,ра1гъ,1,yal,2,,,,таракъ,3,"ЖГЪА, РЕГЪ","1,4","ЖГЪА, РЕГЪ","1,4",агъа,5,агъа,5,агъа,5,рягъ,1,рягъ,1,рягъ,1,,NA,гребень; расческа,6,а1гъа1,5,агъа,5
молния,the lightning,,barq,пири (тIабигIияб),21,elva,22,ц1ай рапын,1,ц1ый,1,ц1арап1ара,1,хал урхара,2,илдырым,3,царапара,1,цай рапара,1,ц1ай рапын,1,ц1ай рапын,1,ц1ай рапын,1,цай рапан,1,ildırım,3,,,,яшмын,4,ц1айлапан,1,ц1айлапан,1,ердылым,3,зинжир,5,хай багъалты,6,ц1айлапан,1,ц1алапан,1,ц1айлапан,1,,NA,молния,7,не помню,NA,илдырым,3
оса,the wasp,,zinbaar,кьужна,21,k'razana,22,цIаркIымакь,1,0,NA,ц1иймак1,2,хингул,3,ц1ихьил макь,4,цид махъ,5,ч1ирид гъуба,6,ч1ирид гъуба,7,ч1ийидгъуба,7,цIыркIымакь,1,цырк1имак1,1,arı,8,,,,телижибин,9,хуз,10,ц1уь,11,ножь,12,0,NA,т1от1,13,ц1уь,11,ц1угъ,11,ц1уьгъ,11,,NA,оса,14,т1от1 (как пчела),13,т1от1,13
"лук (оружие), стрела",the bow,,qaws,"чIорбутI, газаргъо",21,na,NA,еюх,1,0,NA,яюх,1,яюх,1,каркач,2,"яюх, каракац","1,2",ейъух,1,ейъух,1,ейъух,1,еъух,1,ейъух,1,na,NA,,,,"жая, къазарху","3,4",NA,NA,ч1имирухъ,5,0,NA,чартма,6,0,NA,ч1емерухъ,5,ч1емерухъ,5,ч1емерухъ,5,ч1емелукь,5,лук (оружие),7,не помнит,NA,ей ох,1
сова,the owl,,"boom (coll.), boomah(sing.)",руз,21,bu,22,тIыб,1,0,NA,т1ыб,1,т1ыб,1,т1ыб,1,т1ыб,1,т1ыб,1,т1ыб,1,т1ыб,1,т1ыла,1,т1ыб,1,bayquş,3,,,,"кикимав, обуръябалакъ","4,5",байкъуш,3,к1иб,1,байгъуш,3,байгъуш,3,байгъуш,3,к1иб,1,к1иб,1,гумбат,6,циб,7,сова,8,байг1уш,3,1,3
веревка,the rope,,habal,"квар, батIаргьин, рухьен",21,tok'i,22,"ухур, кендир","1,2",т1уъу,3,ухур,1,ухур,1,т1уъу,3,ухв,1,"гьаван, ч1ий","4,5",гьаван,4,0,NA,ухур,1,тукъ,6,kəndir,7,,,,"йип, аркъан","8,9",еб,10,"ц1ил, хвал","11,12",т1у1,13,т1у1,13,т1у,13,"ц1ил, хвал","11,12",ц1ил,11,"хал, ц1ил","11,12",,NA,веревка,14,"кандир, т1о1","7,13","т1о1ъа1 (и шерсти, кандир подтвердил но покупная)",13
крапива,the nettle,,qarraas,мичI,21,č'inč'ari,22,магъвал,1,макъвал,1,макъвал,1,макъвал,1,макъвал,1,макъвал,1,магъвал,1,магъвал,1,макъвал,1,макъвал,1,макъвал,1,gicitkən,2,,,,къычыткъан,2,верг,3,верг,3,магъва,1,магъва,1,магъвал,1,верг,3,верг,3,верг,3,верг,3,крапива,4,маг1а,5,маг1а,5
рыба,the fish,,"samak (coll.), samakah (sing.)",ччугІа,21,tevzi,22,балугъ,1,балугъ,1,балугъ,1,балугъ,1,балугъ,1,балугъ,1,балугъ,1,балугъ,1,балугъ,1,балугъ,1,балугъ,1,balıq,1,,,,балыкъ,1,"к1езри, гъед","2,3",балугъ,1,балугъ,1,балугъ,1,балугъ,1,балугъ,1,балугъ,1,балугъ,1,,NA,рыба,4,балугъ,1,1,1
заяц,the hare,,arnab,гIанкI,21,k'urdʁeli,22,гъыIр,1,гъы1рь,1,гъы1р,1,гъы1р,1,гъыIр,1,гъы1р,1,гъы1д,1,гъы1д,1,хы1р,1,гъы1р,1,гъы1р,1,dovşan,2,,,,"къоян, тавшан","2,3",къуьр,1,къуьр,1,гъыйе,4,гъыйе,5,гъый,5,къуьр,1,къуьр,1,къуьр,1,,NA,заяц,6,гъы1йе,5,1,5
бабочка,the butterfly,,faraashah,кIалкIучI,21,p'ep'ela,22,"деб-дебил, перване","1,2",деб-дебил,1,пирваъани,2,пирваъани,2,ц1ыц1,3,кирвани,2,дебебил,1,т1еб дебил,1,т1ебебил,1,бебил,1,0,NA,kəpənək,4,,,,гюмелек,5,чепелукь,6,?,NA,гакъабай,7,гакъабай,7,гакъабай,7,первайнай,2,перванат,2,чупанукь,6,,NA,бабочка,8,кяпянакь,9,кяпянакь,9
след (ноги),the footprint,,iθr,лъакI,21,nak'valevi,22,"хьаIль, лышан","1,2",хьыль,1,хьал,1,хьал,1,хьаIл,1,0,NA,хьаIл,1,хылид т1ум,3,хьал,1,рахъ,4,хьыль,1,izi,5,,,,гьыз,6,гел,7,хьел,1,гов,8,гов,8,гов,8,хьел,1,хьель,1,хьел,1,0,NA,след (ноги),9,къов,8,гов,8
гнездо,the nest,,ush,хIанчIибусен,21,bude,22,0,NA,ыкъваль,1,фар,2,фар,2,шейдид  фар,2,хва,3,эку,4,эку,4,0,NA,акъу,4,акъвал,1,уя?,5,,,,уя,5,МУГ,6,МУГ,6,юва,7,юва,7,юва,7,муг,6,муг,6,муг,6,,NA,гнездо,8,аква,4,1,4
червяк,the worm,,"doud (coll.), douda (sing.)","хIутI, борохь, хIапара, къвекI",21,č'ia,22,"барцIил, мулюх","1,2",мулюх,1,мулюх,1,мулюх,1,мулюх,1,мулюх,1,мулюхъ,1,мулюх,1,мулюхъ,1,мулюх,1,мулюхъ,1,qurd,3,,,,хурт,3,квак,4,швар,5,быркъынеш,6,быркъынеш,6,мухъ,1,швар,5,швар,5,швар,5,швар,5,червяк,7,абравуч1е,8,подтв,8
муравей,the ant,,"namlah, nammah",цIунцIра,21,č'ianč'vela,22,дзыдза1хъ,1,дзыдзахъ,1,цахцар,2,цыхцар,2,дзы1хцар,2,цыцах,1,дзыдзах,1,дзыдзах,1,дзыдзах,1,дзыдзахъ,1,дзыдзах,1,qarışqa,3,,,,къомурсгъа,4,цегв,5,цвез,6,симсири,7,симсири,7,симсири,7,цвез,6,цвез,6,цвез,6,,NA,муравей,8,къа1ришгъа1,3,къаришкъа,3
хвост,the tail,,"ðeil, ðanab, aaliyah",рачI,21,k'udi,22,джибыр,1,джибыр,1,джибыр,1,джибыр,1,джибыр,1,джибыр,1,джибыр,1,джибыр,1,джибыр,1,джибыр,1,джибыр,1,quyruq,2,,,,къуйрукъ,2,тум,3,тум,3,быть,4,быть,4,быть,4,тум,3,тум,3,тум,3,тум,3,хвост,5,бы1ть,4,1,4
крыло (или перо),the wing,,janaah,кваркьи,21,prta,22,"къанат, кыли","1,2",хыли,2,къанат,1,къанат,1,къанат,1,къанат,1,къанат,1,къанат,1,къанат,1,хьыли,2,хыли,2,qanad,1,,,,къанат,1,лув,3,лув,3,къанат,1,къанат,1,къанат,1,лув,3,лув,3,лув,3,,NA,крыло,4,къанат,1,1,1
тень,the shade or shadow,,ðell,рагIад,21,ačrdili,22,"аIхъ, серинды, мычIахъвалды","1,2,3",а1хъ,1,а1хъ,1,а1хъ,1,а1хъ,1,а1хъ,1,а1хъ,1,а1хъ,1,а1хъ,1,а1хъ,1,а1хъ,1,kölgə,4,,,,гёлентки,5,куьлге,4,?декъен,6,ахъ,1,ахъ,1,ахъ,1,ахъев,1,ахъен,1,эхъен,1,,NA,тень,7,а1хъ,1,1,1
кузнечик,the grasshopper,,"qubbout, jundub",гарцI (гьитIинаб),21,k'ut'k'alia,22,ц1ыц1,1,0,NA,ц1ай,2,ц1ай,2,ц1ыц1,1,масдыр ц1ай,2,ц1ыц1,1,ц1ыц1,1,ц1ыц1,1,ц1ыц1,1,ц1ыц1,1,çəyirtkə,3,,,,увакъ ченгертки,3,NA,NA,ц1ец1,1,ц1ыць,1,ц1ыць,1,ц1ыць,1,ц1ец1,1,ц1ыць,1,ц1ець,1,,NA,кузнечик,4,ц1ит,1,1,1
воск (пчелиный),the beeswax,,sham',найил хIе,21,santeli,22,мум,1,0,NA,мым,1,мым,1,мым,1,мым,1,мым,1,мылах,2,мым,1,мым,1,мум,1,mum,1,,,,балавуз,3,мум,1,мум,1,мух,4,мух,4,мух,4,мум,1,шам,5,шам,5,0,NA,воск (пчелиный),6,мох,4,моъох,4
песок (строительный),the sand,,raml,сали,21,kviša,22,"къум, сецI","1,2",сец1,2,къум,1,къум,1,къум,1,хъум,1,"сец1, къум","1,2",къум,1,къум,1,сец1,2,сец1,2,qum,1,,,,"хум, къайыр","1,3",къун,1,суьт,4,къум,1,къум,1,сец1,2,суьт,4,суьт,4,къам,1,свет,4,песок (строительный),5,къум,1,къум,1
мозоль,the blister,,mismaar,"гьанамагI, пинкь",21,bebera,22,т1ур,1,гъыдигъ,2,ныц1,3,ныц1,3,ныц1,3,ныц1,3,парахъур,4,?,NA,гъеди?,2,гъеди,2,гъе1де1гъ,2,qarğıdalı,5,,,,къатыв,6,къабар,7,кыркыр,8,кабар,7,кабар,7,0,NA,кыркыр,7,кыркыр,7,куркур,7,,NA,мозоль,9,хьа1хьа1т1 (или х в обоих случаях?),10,къабар (хьа1хьа1т1 - родинка),10
яйцо,the egg,,beydh,хоно,21,k'vertsχi,22,0,NA,гъылыгъ,1,гъылыгъ,1,гъылыгъ,1,гъылыгъ,1,гъылыгъ,1,гъылыгъ,1,гъылыгъ,1,гъулугъ,1,гъылыгъ,1,гъылыгъ,1,yumurta,2,,,,йымырткъа,3,кака,4,кака,4,кьукь,5,кьукь,5,кьукь,5,кака,4,кака,4,кака,4,,NA,яйцо,6,к1укь,5,1,5
губа,the lip,,shafah,кIветI,21,t'uči,22,букI,1,"бук1, п1ыз","1,2",бук1быр,1,п1ыз,2,п1ыз,2,п1ыз,2,п1ыз,2,бук1быр,2,п1ыз,2,п1ыз,2,бук1быр,1,dodaq,3,,,,эрин,4,ПIУЗ,2,ПIУЗ,2,п1ыз,2,п1ыз,2,п1ыз,2,п1уз,2,п1уз,2,п1узар,2,пузар,2,губа,5,пышне,6,1,6
"дрова, топливо, древесина",the firewood,,hatab,цIул,21,šeša,22,усбыр,1,усбыр,1,усбыр,1,усбыр,1,усбыр,1,ус,1,усбыр,1,ус,1,усбыр,1,ус,1,усбыр,1,odun,2,,,,агъач,3,КIАРАСАР,4,КIАРАСАР,4,осби,1,осби,1,осби,1,к1арас,4,к1арасар,4,к1арацсар,4,,NA,"дрова, топливо",5,ос(бы),1,1,1
куропатка,the partridge,,hajalah,мокъокъ,21,k'ak'abi,22,гъуьд,1,гъуд,1,гъуьд,1,сывыды къат1,2,гъуьдь,1,гъуд,1,гъудь,1,гъу1д,1,гъу1д,1,гъудь,1,гъу1дь,1,kəklik,3,,,,къыр тавукъ,4,къвед,5,къвед,5,гъун,6,гъун,6,0,NA,къвед,5,къвед,5,къвед,5,,NA,куропатка,7,гъо1н,6,1,6
рукав,the sleeve,,"far', kumm",къвал,2,saχelo,22,хулук,1,хулук,1,хулук,1,хулук,1,хулук,1,хулук,1,хулук,1,хулук,1,хулук,1,хулук,1,хулук,1,qol,2,,,,енг,3,хел,4,хел,4,хьуль,5,хали,6,хук,1,хел,4,хим,7,хел,4,,NA,рукав,8,хук,1,подтвердил,1