russian translation,name,Persian,Arabic,Failures Farsi,Rutul Dict,Rutul Rutul Vera,Ikhrek Rutul Jariyat,Ikhrek Rutul Aishe Word,Ikhrek Rutul Zijawudin 77 Word,Ikhrek Rutul Salimat 56 Word,Kina Rutul Nurulla,Kina Rutul Mevletdin 70 word,Kina Rutul Magomed-Shapi 67yo word,Kiche Rutul Serazhudin Word,Kiche Rutul Sejfulla Word,Azer,Kumyk,Lezgian,Khlut Alimurad,Helmets Abduragim,Helmets Tarlan,Helmets Murad,Khlut Alimurad,Khlut Arsen,Khlut Sanidir,Khlut Islam,Russian,Tsez_dict,Bezhta_dict,Bezhta Batyr,Kidero Aishat,Kidero Ibragim,Kidero Akhmed,Hinuq_dict,Karata,Karata_Zagra,Karata_Zagra_da,Karata_Umarkhadzhi,Karata_Umarkhadzhi_da,Karata_Khajbula,Karata_Khajbula_da,Karata_Ktoto,Karata_Ktoto_da,Tukita_MagMag,Tukita_MagMag_da,Tadmagitl_Khadzhimurat,Tadmagitl_Khadzhimurat_da,Tadmagitl_Nazirbek,Tadmagitl_Nazirbek_da,Tadmagitl_Nadzhawat,Tadmagitl_Nadzhawat_da,Tadmagitl_Abdurakhman,Tadmagitl_Abdurakhman_da,Karata_Gazijav,Karata_Gazijav_da,Bagvalal,Bagvalal_Gusejn,Bagvalal_Gusejn_da,Bagvalal_Muminat,Bagvalal_Muminat_da,Bagvalal_Muslim,Bagvalal_Muslim_da,Bagvalal_nazhavat,Bagvalal_nazhavat_da
арбуз,the watermelon,"hendevāneh, tarbuz, bettikh",batteekh (battekh ahmar),"1. транскрипция не отражает различие между двумя ""а""",0,хъарпуз,хъарпыз,хъарпыз,хъарпыз,хъарпуз,хъарпыз,хъарпыз,хъарпыз,хъарпыз,хъарпыз,гарпыз,харбуз,ХАЛИ,хъарпуз,хъарпуз,хъарпыз,хъарпыз,хъарпуз,"хъарпуз, хали",хъарпуз,хъарпуз,арбуз,къарпуз,0,хъарпуз,арбуз,хъарпуз,къарпуз,къарпуз,хъармуз,хъармуз,,да,хъармуз,да,хъармуз,да,хъармуз,,,,,хъапузи,,да,хъапузи,,,,,хъарбуз,хъарпуз,,да,хъарпуз,хъарбуз,,хъарпуз,
бочка,the barrel," boshkeh, chelik, barmil, toop,  khomreh, zarbi, tagh, looleh",bermeel,"2. пропущены очень распространенные переводы, присутствуют редкие слова",0,пышк1а,бычка,пычк1а,пычка,пучка,пушк1а,пушк1а,бочка,бочка,бочка,данышмаг,RUS,ЧАМЧАХ,гуд,бошк1а,пошк1а,бошк1а,"фляг, гуд",бушка,бушка,бак,бочка,бочка,0,бочка,бочка,коцол1и,бочка,папатIу,пошка,бочка,,да,бочка,да,бочка,да,бочка,бочка,,,,рус,,рагва,,,,,,"чирмá / чирми, бочка",,,да,"чирмá / чирми, бочка",да,"чирмá / чирми, бочка",да,"чирмá / чирми, бочка"
ведро,the bucket,"dalv, dool, doolcheh",satl,"3. 3 четверти слов здесь - арабизмы, которые никто не использует, вообще никто",0,педре,ведро,ведре,ведро,ведре,ведро,ведро,ведро,ведро,ведро,ведрə,"педире, челек",ВЕДРЕ,ВЕДРЕ,ведро,ведра,ведра,ведро,ведро,ведро,ведро,ведро,"босоно (деревянное), ведра",0,ведра,ведро,ведро,ведро,ведро,бедера,бедера,,да,бедера,да,бедера,да,бедера,пидра,,бидира,,бидира,,да,бидира,,,,,бидира,бедра,,бедера,,бедра,,ведро,
горох,the pea,"nokhod, hemmes (rarely), khollar (green), dagh, mashi,  chi","bisilleh, hummus",,хар,хар,хар,гарох,к1ах,гарох,"к1ах - черный, хар - зеленый",хар,хар,к1ах,хар,нохуд,нохут,НАХУТI,хар,гарох,гарох,гарох,хар,хар,хар,хар,горох,алукIани гьил горох (букв. белые бобы),0,гьоло?,гарох,гарох,гарох,"гьилу, алдийу гьилу",х1але,х1але (черные бобы; гороха нет),,гарох,,,,"гарох, х1але",,гьац1а гьале,,гьали,,да,гьали,,,горох,,,,гьал,"горох, гьал, еще что-то было",,гарух,,гьаль,,гьаль,
груша,the pear,"golābee, amrood, mata'","ijaasa, kummathraya",,0,хы1р,хы1р,хы1р,хы1р,хы1р,хы1р,хы1р,хы1р,хы1р,хы1р,армуд,гьармут,ЧУЬХВЕР,кьал,чуьхарья,чухер,чуьхарья,кьал,к1ал,к1ал,,груша,гени,0,гени,гени,гени,гени,гени,"гьиНгьиН, х1амагъаНкъ",первое,,первое,,первое,,гьиНгьиН,,гени,,махахо,,да,махахо,,,да,махахо,,,гьиНгьа,махуха,,да,махуха,да,махуха,да,махуха
дыня,the melon,"abkhost, bettikh, -bozeh, -moozeh, shammameh, talebi, ka-lak (unripe), kombezeh (unripe), garmak (early)",batteekh (batteekh asfar),,къавын,къавум,къавум,къавым,кавын,кавым,къавум,къавум,къавум,къавун,къавум,говун; jемиш,пастан,КЪАВУМ; ГАТУН ХАЛИ,КЪАВУМ,къавум,къавум,къавым,къавум,къавум,къавум,дыня,дыня,0,0,неси,дыня,дыня,дыня,неси,паст1ан,паст1ан,,да,паст1ан,хъабахъ (ав) паст1ан,,п,хъабахъ (ав) паст1ан,паст1ан,,паст1а,,да,паст1а,,,подтвердил,,,,патIих,"дыня, паст1ан (ав)",,дыня,,паст1ан может быть,,дыня,
капуста (кочанная),the cabbage,"kalam, ostad-alamee, kahoo, ",kurunb,,келем,келем,калам,калам,калам,калам,калям,калям,калям,келем,келем,кəлəм/käläm,къапуста,КЕЛЕМ,КЕЛЕМ,калям,калям,калям,келем,келям,келам,келам,капуста (кочанная),капуста,0,капуста,капуста,капуста,капуста,капуста,0,капуста,,да,капуста,хъапуск1а,,"да, хъапуск1а",хъапуск1а,капуста,,хъапуста,,да,хъапуста,,,да,хъапуста,,,КАПУСТА,капуста,,да,капуста,да,капуста,да,капуста
морковь,the carrot,"zardak, shagha-gol (wild), gazar",jazar,,йыхыIнь,абадур,абаджур,абаджур,абаджур,абаджур,абадур,абадур,абадур,абадур,абадур,yerkökü,чита,ГАЗАР,ГАЗАР,к1абажур,к1абажур,к1абажур,газар,газар,газар,,морковь,ламадур,0,ламадур,мокровь,марков,ламадур,ламадур,ламат1ур,мамат1ур,,мамат1уру,,мамат1ур,,мамат1уру,,ламат1ур,,экье,,да,экье,,,,,,,гьекьéм,ламатур,,,,да,ламатур,ламадур,
ржавчина,the rust,"zang, anar, zangar",sada',,0,мы1хъ,мы1хъ,мы1хъ,му1хъ,0,мы1хъ,мы1хъ,мы1хъ,мы1хъ,мы1хъ,пас; боз лəкə,тот,МУЬРХЪ,михъ,пас,пас,пас,михъ,мехъ,михъ,,ржавчина,хIашри,0,женгъи,х1а1шри,х1ашра,х1а1шри,хешла // хешра,0,кьабчур,,да,кьабчур,п,кьабчур,кьарччу,,кьаг1и,,кьабу,,да,кьабу,,,,,,,кьваНй,кьванй,,,,кьваНй,,да,кьваНй
сказка,the fairy tale,"afsāneh, qesseh, angaresh, -soorat","qessa, hikaya, haddouta",,0,махв,мехв,мехв,мехв,мехв,ахъайид,ихтилат,ахъид?,махв,ма1хв,nağıl; yalan;,ёмакъ,МАХ,МАХ,хабар,хабар,хьабар,мах,мах,"мах, хабар",мах,сказка,эмаду,0,акичарле,маргьа,маргьа,маргьа,"акичIал, маргьа",мугьа,да,мугьа,да,мугьа,да,мугьа,да,мугьа,маргьо,,муха,,да,муха,,,,,,,МУГЬА,маргьва,,маргьо,,маргъва,,маргьо,
слива,the plum,"alang, allocheh, aloozard, zalzanak, gowjeh, nesbat, noghl, noghlee","barqooqa, khokha, ijasa",,0,шугьди,гавали,гывели,гыгели,кавали,гывыли,кавали,кавали,шегьди,пылибыр?,ҝавалы,кокан,ХВАТ,ХВАТ,гавали,гавали,гавали,хот,хот,хват,хут,слива,"кукум, килав",0,келеври,кукум,джага,0,"кукум, кукам",каНкула,канкула,,да,канкула,п,канкула,п,канкула,кукун,,коквани,,кваквани,,,,,,,,"гIурýскваНкул, квáНкул",,,,,канкул,,да,канкул
стадо (овец),the herd,"bagher (of oxen), khook-ban (swine), -cheran (swine), rameh, padeh (oxen), seeleh, faseeleh, galleh, gowbareh","ra'iya, qatee', baqer (cattle), qoot (sheep)",,суьрю,нехир,хы1б,ятах,ятах,нехир,суьруь,суьруь,суьруь,нехир,ирхи/илхи,сүрү; нахыр,"сирив, йылкъы, тувар, гезив (гьайванлар)",ИЛХИ; НЕХИР; СУЬРУЬ (овец); КЪИФЛЕ; РАМАГ,"суьруь, нехир",нахир,баги,"нахир, сури - овец","нехир, шуьруь",нехир,нехир,суьри,стадо (овец),рехъен,0,воц1и,бекь,рехъен,бекь,"гури, рехъен",рехьет1,риъвар,,риъвар,,риъвар,,да,риъвар,"ихьва, ихьва-хъир",,ракъва,,подтвердил,ракъва,,,,,,,РЕХЬÉТI,"рехъен (ав), руар подтвердил",,руар,,руар,,да,руар
четки,the rosary,"tasbeeh, sobha","misbaha, sobha",,супгьаIнбыр,0,ц1алабыр,супгъан,супгъан,супгъан,таспыгъ,"гай, супгъан",таспягъ,супгъанбыр,супгъанбыр,təsbeh,"зувгьанлар, тасбигьлер",ТЕСПЯГЬ,ТЕСПЯГЬ,тапсыгъ,таспыгъ,тапсыгъ,теспягь,теспягь,тесаягь,теспягь,четки,САЛАВÁТ,0,салават,салават,салават,салават,"агъвебе, салават",салатабди,салатди,,салатди,,да,салатди,"салатди, ч1умал (ав)",,саламатиби,,,,шалата,,,,,,,,САЛÇТ,салаг1ат,,салаг1ат,,саляг1ат,,салаг1ат,
"кнут, хлыст (для лошади)",the whip,"tazianeh, dastaneh, dom, kharzan, shallagh, ghamchee","qamshah, sawt",,къамчи,т1ул,къамчи,кьамчи,къамчи,анчи,къамчи,къамчи,къамчи,0,къамчи,чубуг; гамчы; гырманҹä,къамучу,"КЪАМЧИ, ТIВАЛ",КЪАМЧИ,шунк,чунк1,чунк1ь,къамчи,къамчи,къамчи,къамчи,"кнут, хлыст (для лошади)",чурутI,0,къинуч1,чурут1в,чурут,0,чурукь,0,жваркьел,,да,жваркьел,жваркье,,да,жваркье,жоркьил,,,,чикье,,,,да,чикье,,,ЖВАРКЬИМ,жваркьим,,да,жваркьим,не знаю,,да,не знаю
сахар,the sugar,"qand, abgeeneh, zad, shakar, shakkar",sukkar,,шагар,шагар,шеккер,шеккер,шекер,шекер,шагар,шагар,шагар,шагар,шагар,шəкəр; гəнд,шекер,НАБАТ,шекер,шакар,шакар,шакар,шекер,шакар,шакар,песук,сахар,писук,čakar,чакар,писук,чакар,"чакар, писок",чакар,чакар,да,чакар,да,чакар,да,чакар,да,чакар,чакар,,чака,,да,чака,,,,,,,чакар,"чакар подтвердил, писук",,,,чекер,,чекер,
мыло,the soap,saboon,saboon,,0,сабун,сабын,сабын,сабын,сапун,сабын,сабын,сабын,сабын,сабын,сабун,сапун,ЗАПУН,сапун,сапынь,сап1ань,сап1ынь,запун,запун,запун,запун,мыло,сопIон,sap’uni,сап1уни,соп1он,сап1он,соп1он,сапIуни,ссапун,сапун,,да,сапун,да,сапун,да,сапун,да,сапун,сагьу,,да,сагьу,,,,,,,САПУН,сапун,,,,да,сапун,да,сапун
вино,the wine,"aveezeh, badeh, mey",khamr,,чахыр,чахыр,чахыр,чахыр,чахыр,чахыр,чахыр,чахыр,чахыр,чахыр,чахыр,шəраб; чахыр,"чагъыр (виноградное), гьаракъы (самогон)",RUS,чахыр,чахыр,чахыр,чахыр,чахыр,чахыр,чахур,чахур,вино,вино,ɣino,гъвино,вино,чагъыр,чагъы1р,"жа, гъвино",0,вино,,ч1агьир аварское,,,,вино,,вино,,,,вино,,,,чагъи,,,,Čарóбодоб,мед,,вино,,"вино, ч1аг1а",,вино,
стол,the table,"miz, jadval, khan","maktab (desk), tawilah (any table)",,устIул,уст1ул,"ист1ол, иск1ам",иск1ам,стол/искам,искам,"уст1ул, иск1ам",искам,стол,тев,стол,маса; RUS,стол,RUS,RUS,стол,стол,истол,стул,стул,устул,устул,стол,истовли,ist’oli,ист1оли,стол,стол,стол,истоли,уст1ул,уст1ул,,да,уст1ул,да,уст1ул,да,уст1ул,да,уст1ул,ушт1у,,уст1у,,,,,,,,истóл,уст1ул,,ист1ул,,устуль,,стол,
бумага,the paper,kaghiz,"waraq (general), waraqa (a piece of paper)",,кагъат,кагъат,кагъат,кагъат,кагъат,кагъат,кагъат,кагъат,кагъат,гагъат,кагъат,kağız,къагъыз,КАГЪАЗ,чагъар,кагъаз,къазить,газить,чар,чар,чар,чар,бумага,кагъат,ƛibo,л1ибу,кагъат,кагъат,кагъат,кагъат,кагъат,кагъат,,да,кагъат,да,кагъат,да,кагъат,да,кагъат,,,кагъа,,да,кагъа,,,,,кагъар,кагъаль,,да,кагъаль,кагъаль,,да,кагъаль
магазин,the shop/store,"forushgah, maghoza, hanoot, dokkan","mahall, dukkan, matjar",,дукан,тукан,"кап1рат1ив, тукан","магазин, дукан",тукан,тукан,тукан,туькан,0,тукан,тукан,mağaza,тюкен,"ТУЬКВЕН, RUS","ТУЬКВЕН, RUS",магазин,магазин,дукан,туьквен,туьквен,туьквен,туьквен,магазин,КАПРÁТ,koparat,копарат,магазин,магазин,"тукен, ашбаз",магазин,тукан,да,тукан,да,тукан,да,тукан,тукан,,тукин,,тука,,да,тука,,,,,,,ТУКÁН,тукан,,,,да,тукан,тукен,
школа,the school,"madreseh, dabestan, adab, darot-tadrees, moallemin",madrasa,,мехьтеб,мехьтеб,мехьтеб,мехьтеб,махьтеб,мехьтеб,мехьтаб,мехьтаб,мехьтаб,мехьтеб,мехьтеб,məktəb,"школа, мактап",RUS,мехьтеб,мектаб,мектаб,мектаб,мектеб,мектеб,"мектеб, мектаб","мектаб, мектеб",школа,"мактаб (уст.), ишкола",iškola,ишкола,школа,школа,школа,"ишкола, мактаб",ушкул,ушкул,,да,ушкул,да,ушкул,ушкул,,ушкул,,ушку,,ушку,,,,,,,,ишкол,ушкул,,школа,,ишкул,,школа,
мул,the mule,"ostoor, ghater",baghl,,къатир,къатир,къатир,къатир,къатир,къатир,къатир,къатир,къатир,къатир,къатир,qatır,къачыр,КЪАТИР,КЪАТИР,къатир,къатир,къатир,кьатир,кьатиб,"яц, жунгав",0,мул,КЪВЕРÉЦIН/И//КЪЕРÉЦIН/И,xoyc’on,хьойц1он,0,к1ерец1и,къерец1ни,гьурцIум,0,г1урц1ина,,да,г1урц1ина,г1урц1иня,,п,г1урц1иня,х1орцин,,имихи,,?,,,,,,,,ГЪÓРЦIОМ,кунт1а гьами,,,,г1орц1им,,кунт1а гьами,
овёс (чем кормят лошадей),the oats,solt,shoufan,,хьытI,хьыт1,0,гъаргъал,гъаргъал,гъаргъар,гъаргъал,гъаргъал,гъаргъал,сык1ыл,гъыл,yulaf,"сулу, ныха",ГЕРГЕР,нех,гъаргъар,0,сык1ыль,нях,гергер,гергер,кьуьл,овёс (чем кормят лошадей),сесро,0,?,махъа,махъа,махъа,0,ниха,да,ниха,"берч1ин, ниха подтвердил, а берч1ин наверное рожь",,беч1ин муъа ниха подтвердил,,"беч1ин ячмень, ниха может быть подтвержил",,да,"беч1ин ячмень, ниха может быть подтвержил",ниха,,?,,,,,,,,НИХА,подтвердил ниха,НИХА,,,ниха,,"беч1ин, ниха не овес",
карандаш,the pencil,ghalam,qalam,,кьалам,кьалам,кьалам,кьалам,кьалям,къалам,кьалям,кьалям,кьалям,кьалам,кьалам,karandaş,карандаш,RUS,кьалам,кьалям,кьалям,кьалям,кьалам,к1алам,"карандаш, кьалам",карандаш,карандаш,къалам,0,къалам,къалам,къалам,къалам,къалам,къалам,да,къалам,да,къалам,да,къалам,да,къалам,къалам,,къала,,"да, с назализацией",къала,,,да,къала,,,къалáм,къалам,,да,къалам,да,къалам,да,къалам
репа,the turnip,shalgham,"shalgham, shalgam",,0,кьа1,кьаъа,кьаъа,кьаъа,къа,кьаъ,кьа1,кьаъа,0,0,şalğam,турп,ТУРП,?хьылаб,джугъундур,радиска,джугъундур,клаб,клоб,"джугъундур, турп",0,репа,0,0,ча1рха1ли,0,?,0,0,0,талган,,,,,,"ч1аркъут1ан, талган тоже может быть",,талган,,не так,,не бывает,,,,,,,,0,,,,,,,,
табак,the tobacco,"tambakoo, tootoon",tabagh,,тамбаку,тамбаку,тутун,тамбаку,тутун/тамбаку,тутун,туьтуьнь,"туьтуьн, тамбаку",тютюн,тамбак,туьтуьн,tütün,тамакю,ТЕНБЕК,ТЕНБЕК,туьтуьнь,тямбаку,туьтуьнь,тенбек,тембек,тембек,тембек,табак,таммаку,tammako,таммако,"табак, таммаку",таммаку,таммаку,тамаку // таммаку,тамахьу,да,тамахьу,да,тамахьу,да,тамахьу,"къех1 то что сажают, тамахьу подтвердил",,да,"къех1 то что сажают, тамахьу подтвердил",тахьо,,"хъалима сигарета, тахьо подтверджил",тахьо,,,,,,,тамако,тамахьва,,"паруз (папироса), тамахьо",,тамахьв,,тамахьв,
полотенце,the towel,"abchin, eezaree, howleh, dastar, -mal, roomal","minshaff, nashaafa",,десмал,десмал,десмал,десмел,десмел,десмал,десмал,десмал,десмал,тасмал,дасмал,dəsmal,"чюй явлукъ, бет явлукъ",ДАСМАЛ,ДАСМАЛ,десмал,десмал,десмал,дасмал,тасмал,тасмал,тасмал,полотенце,палатенце,t’ilo,палатенце,полотенце,палатенца,палатенце,палатинца,0,палатенце,,да,палатенце,да,палатенце,да,палатенце,да,палатенце,да,палатенце,да,палатенце,палатенце,,,,,,ПАЛАТИНЦ,палатенце,,,,да,палатенце,да,палатенце
перец (черный),the pepper,"pelpel, fiyyat",fulful,,истивут,уст1уъут,истиут,исиут,иссиут,истивут,истиут,истиут,истивут,истиут,иставут,bibər,"бурч, жибижей, иссиот",ИСТИВУТ,ИСТИВУТ,истиот,иссоот,иссоот,истивут,истивут,истивут,перец,перец (черный),ГIИКЬ/У,0,истиот,перец,г1ел1у,икьму,"пIилпIил (черный), цицака // цацаки, истовт (красный)",пучч,почч (любой перец),,перец,,пуч,,"подтверждает пучч на молотый перец, обычно рус",,перец,,перец,,рус,,,,,,,,"исибурат - красный, пуч - черный, пипил - красный стручковый",перец,,,,"пуч, перец",,перец,
лев,the lion,"shir, arslan, asad, hares, dervas, delhas",asad,,аслан,аслан,аслан,аслан,аслан,аслан,аслан,там,аслан,пеленг,аслан,aslan,"арсланкъаплан, арслан",аслан,аслан,пейланг,аслан,аслан,аслаг,лев,аслан,перлен,лев,0,ɣalbac’,ц1иркъ,0,0,лев,гъалбацI,гъалбац1,гъалбац1,,да,гъалбац1,да,гъалбац1,да,гъалбац1,да,гъалбац1,гъабац1е,,подтвердил гъабац1е,гъабац1е,,,,,,,ГЪÁЛБАЦI,гъалбац1,,подтвердила,гъалбац1,да,гъалбац1,да,гъалбац1
неделя,the week,hafteh,usbou',,гьаIфте,гьафте,гьафта,гьафте,гьафта,гьяфте,гьфта,гьафта,гьафта,гьафте,гьафте,həftə,жума,гьафте,гьафте,гьафте,гьафте,гьафте,гьафте,гьафта,"гьафте, гьафта",гьафта,неделя,ÁНКЬ/И,anƛ’,анл1,неделя,анкьи,0,анкьи,гьакьу,да,гьакьу,да,гьакьу,да,гьакьу,да,гьакьу,да,гьакьу,акьо,,да,акьо,,,,,,,ГЬАКЬВ,"гьакь (семь), также расческа",,,,да,"гьакь (семь), также расческа",да,"гьакь (семь), также расческа"
свеча,the candle,"seraj, sham'",sham'a,,шам,шам,шам,шам,шам,чирах,шам,шам,"гарч - лучина, шам",шам,шам,şam,майчыракъ,шем,шем,шам,шам,шам,шам,шам,чырагъ,шам,свеча,сантели,santeli,0,свеча,свеча,свеча,сантали,х1ебул,"NA (в словаре керосинка, коптилка)",,х1абу чирахъ (керосинка),,свечка,,свеча,,х1едул чирахъ,,чирахъе,,?,,,,,,,,КАТУШКАЧИРАХЪ,"шайт1ани чирахъ (керосинка), свеча",,,,не знаю,,свеча,
стекло,the glass,"shisheh, abgeeneh",zujaaj,,гьаIйне,"гьайне, дзыр — мелкое",а1йне,а1йна,айна,а1йне,а1йна,гьайна,гьайна,гьа1йне,гьа1йне,şüşə,шиша,шуьше,гуьзгуь,айна,айна,гьайна,гуьзгуь,"гуьзгуь, айна",гуьзгуь,гуьз,стекло,чIикай,c’ika,с1ика,ч1ик1ай,ч1икай,ч1икай,цIикай,"лампа, мат1у",мат1у,,да,мат1у,да,мат1у,да,мат1у,ц1ерда,,жари,,жари,,,,,,,,ЛАПÁН,мат1в,,мат1,,да,мат1,да,мат1
рис,the rice,"oroz, berenj, pelaw, chelan, chalpaseh, chaltook","aruzz, ruzz",,0,дюгю,дуьгуь,дюгю,дюгю,дюгю,дуьгуь,дуьгуь,дуьгуь,дуьгуь,дуьгуь,düyü,дюгю,дуьгуь,дуьгуь,биринз,биринз,биринз,дуьгь,дуьгуь,дуьгуь,дубгуь,рис,0,birinži,биринжи,пулав,пулав,пулав,пулав,пулав,да,пулав,да,пулав,да,пулав,да,пулав,рис,,гьуло,,да,гьуло,,,,,,,пулáв,рис,,,,рис,,не знаю,
чашка,the cup,"abkhoree, avandee, ayagh, pialeh, jam, dowleh, pengan","koub, finjaan",,чашка,гыр,чашка,чашка,чашка,курушк1а,чашка,чашка,мускьаб?,чашка,чашка,fincan,"чашка, пинжан",бади,истакан,чашка,чашка,истакан,истакан,къаб,"чашка, бади, крушка",,чашка,ЖÁМ/И,NA,хьада,стакан,зеки,шиту,кIотIо,"ц1ц1аНт1ур, кь1елкь1а - деревянная",куружка,,,,куружк1а,,куружк1а,,кружка,,куружка,,гурушка,,,,,,,,0,подтвердил,0,шот1а,,"чашка, шот1а подтвердил",шот1а,чашка,
бутылка,the bottle,"botree, tong, ravieh (leathern), zeghgh (leathern)",zujaaja,,шуьше,шуьше,шуьше,шуьше,шуьше,шуьше,шуьше,шуьше,шуьше,шуша,шуьше,şüşə,шиша,ШУЬШЕ,ШУЬШЕ,бутылка,шуьше,бутылка,шуьше,шуьше,,шуьше,бутылка,шиша,šuša,шуша,шуша,шуша,шиша,шуша,шишав,шишав,,да,шишав,да,шишав,да,шишав,шиша,,,,шиша,,да,шиша,,,,,шишá,шиша,,да,шиша,шишва,,шиша,
трубка курительная,the pipe,0,ghalyoun,,0,къалыен,хъалиен,хъалиян,хъалиен,муьштуьк1,къалиян,къалиян,хъалиян,"муьшт1ук, къалиян",къалиян,boru,юлле,къалиян,муштуьк1,къальян,къайлян,0,муьштуьк1,муштуьк1,,муштукь,трубка курительная,0,0,0,0,муштук1,муштук1,0,0,NA,,муштук,,п,муштук,маршу,,трубка,,муштуки,,?,,,,,,,,0,муштук,,,,муштук,,павруз,
карман,the pocket,jeyb,jeyb,,"джиб, хъултух, кисе",джиб,джиб,джиб,джиб,джиб,джиб,джиб,джиб,джибин,джиб,ҹиб,кисе,жибин,жибин,джиб,джиб,джиб,жибин,жебин,жебин,жебин,карман,"ЧÁНТ/А, ЖИБ/У",kisa,каса,жибин,жибин,жибин,"бакье, чанта","кисай, чалта",второй (первое - карман на рубашке),,чалта,,да,чалта,да,чалта,чанта,,таха,,да,таха,,,да,таха,,,"кис}, чаНт}",талъа,,да,талъа,да,талъа,да,талъа
цвет,the colour/color,"por-rang, rang",loun,,"ранг, кIышды",ранг,ранг,ранг,ранг,ранг,ранг,"быч1 (это цветок, а не цвет)",ранг,ранг,ранг,рəнҝ; чичəк; ҝүл,"тюс, ренк, бояв",ранг,ранг,ранг,ранг,ранг,ранг,ранг,ранг,ранг,цвет,КЬЕР,ƛ’ey,кьей,к1ер,кьер,к1ер,кьер,кьере,да,кьере,да,кьере,да,кьере,да,кьере,кьери,,кьери,,да,кьери,,,,,,,кьер,подтвержил,кьер,кьер,,да,кьер,да,кьер
ружьё,the gun,"tofang, toop",bunduqiya,,туфанг,туханг,туфанг,туфанг,туфанг,туфанг,туфанг,туфанг,тифанг,туфанг,туфанг,түфəнҝ,тюбек,тфенг,тфенг,тифанг,тифанг,тифанг,твенг,тфенг,тфенг,ярак1,ружьё,ТУП/И,0,"яра, топи",тапанча,тупи,туманк1,"тум, тупи",тупе,да,тупе,да,тупе,да,тупе,"ярагъ, тупе подтвердил",,туманг,,тугьи,,да,тугьи,,,,,,,туп / туб,"таманча (пистолет), туп подтвердил",,,,туманк1,,туманк1,
медь,the copper,mes,nuhaas,,дзыр,дзыр,дзыр,дзыр,дзыр,дзыр,дзыр,дзыр,дзыр,дзыр,дзыр,мис,"багъыр, ез",цур,цур,мис,0,0,цур,цыр,чар,цыр,медь,"йез, пак (красная)",yez,йез,гер,пак,0,"йез, пак","гьезе, пахьу","первое бронза, второе правильно",,гьезе,,"гьезе, пахьу",,"гьезе бронза, пахьу медь",,палъи,,гьач1а,,подтвердил,гьач1а,,,,,,,пащ,пащ,,,,паш,,йез,
золото,the gold,"tela, asjad",ðahab,,къизил,къизил,къызил,къизил,къизил,къизил,къызиль,къизил,къизил,къизил,къизил,гызыл,алтын,АЛТУН,кьызил,къызиль,къызиль,къызиль,кьизил,къызил,,къизил,золото,МЕСÉД,mesed,месед,месед,месед,месед,месед,месед,да,месед,месет,,месед,,месет,,мисид,,мишиди,,да,мишиди,,,подтвердил,,,,месéр,месед,,да,месед,да,месед,да,месед
"мяч, шар",the ball,"toop, toop-bazee",kura,,туп,туп,туп,туп,туп,туп,туп,туп,туп,туп,туп,топ,топ,туп,туп,топ,топ,топ,туп,тур,туп,тып,"мяч, шар",ТОП2,0,кирка,к1ох1о,?,к1ох1ло,"кIохIло, торгIо",соло-соло,да,соло-соло,да,соло-соло,да,соло-соло,"со-соло, соло-соло",,торг1у,,гужила,,да,гужила,,,,,,,квáтара,къат1ара,,,,да,къат1ара,да,къат1ара
окно,the window,"orosee, bajeh, panjereh, tagheh","naafiða, shobbaak ",,гъуIль,гъуль,гъул,гъул,гъул,гъул,гъул,гъул,гъул,гъуль,гъуль,пəнҹəрə; дəлик; дешик,терезе,дак1ар,?т1аг,гъуль,гъуль,гъуль,т1аг,таг,т1аг,,окно,аки,žüɣ,жугъ,аки,ахъ,ахъи,аки,гьиНгвар,да,гьиНгвар,да,гьиНгвар,да,гьиНгвар,да,гьиНгвар,гьингур,,иго,,иго,,,,,,,,гьýНгар,гьунга,,,,да,гьунга,да,гьунга
брюки,the trousers,"ezar, ranin, serval, shalvar",bantaloona,,баду,баду,баду,баду,баду,баду,баду,баду,баду,баду,баду,шалвар,"шалбар, иштан",ШАЛВАР,ШАЛВАР,бада,бада,бада,шалвар,шалвар,"шалвар, вяхчег",шалвар,брюки,гъелIу,0,хьет1у,бел1у,гъал1,гъел1у,гъелIу,шарбал,шарбал,,да,шарбал,да,шарбал,да,шарбал,шалпар,,,,бата,,да,бата,,,,,бáта,барта,,да,барта,да,барта,да,барта
цепь,the chain,zanjeer,silsilah,,0,зинджир,силсил,силсил,силсил,сирсил,зинджир,зинжил,0,зинжир,цепь,"zəncir (здесь был восклицательный знак, непонятно почему)",шынжыр,ц1иргъ,жинжир,зинджир,занжир,0,жанжур,жанжир,жанжур,цепь,цепь,"гъугъуди, муха",raxas,гъачу,гъугъуди,гъугъуди,гъугъуди,реху,раххасс,раххас,,раххасс,,да,раххасс,да,раххасс,да,раххасс,рахаси,,"цепи, рахаси подтвердил",рахаси,,,,,,,лахáц,раххаз,,рахаз,,рахаз,,да,рахаз
вилка (которой кушают),the fork,"changal, shakheh, sheghgh",shauka,,чангал,вилка,чангал,чангал,чангал,чангал,хьылан,чангал,чангал,хьылан,0,чəнҝəл,чиш,ЯВШАН,кьуькь,шана,шана,вилка,кьуькь,кьукь,кьукь,,вилка,#N/A,#N/A,сино,вилка,къи1лъи1,къи1лъи1,#N/A,#N/A,#N/A,,#N/A,маъа,#N/A,маъа,#N/A,маъа,#N/A,,#N/A,,#N/A,,#N/A,,#N/A,,#N/A,,гIучI,#N/A,,#N/A,,#N/A,,#N/A,
олень,the reindeer/caribou,gavazn,ghazal,,марал,джейран,марал,марал,нахчир,марал,михь,"михь, джейран",джейран,джейран,михь,maral,къубагийик,мирг,мирг,марал,марал,джугъур,мирг,жейра,мирг,,олень,ЛЪИД,biɬo,билъо,белъи,белъи,0,"болъи // булъи, гъуни",рит1уч1,чане (рит1уч1 с ветвистыми рогами),,чане,,да,чане,да,чане,рит1уч1,,чани,,рит1уч1е,,,,,,,,гъвáлчIа,чан,,,,"рит1уч1 (с рогами), чан",,рит1уч1,
время,the time,vaght,"waqt, zaman, zamaan",,"сагьаIт, вахт, замана, девран, вяде",вахт,вахт,вахт,вахт,вахт,вахт,вахт,вахт,вахт,вахт,"vaxt (здесь был восклицательный знак, непонятно почему)","заман, вакъти, сагьат",ЧIАВ,вахт,вахт,вахт,вахт,вахт,вахт,вахт,вахт,время,"МЕХ (время, пора), заман",mex,заман,заман,заман,заман,"гIуж1, гIумру-гъведе, заман, мих, сагIат","къару, заман, рег1а, ригьи, завал",замана,,да,замана,да,замана,заман,,замана,,зама,,зама,,,,да,зама,,,"замáна, къар",заман,,да,заман,да,заман,да,заман
деньги,the money,pool,"maal, flous, nuqoud",,"танга, шийибыр",шийбыр,шийибыр,шийибыр,зар,шегьибиыр,"шийибыр, манутбыр",шийибыр,шийбыр,танга,танга,pul,акъча,ПУЛ,ПУЛ,пыль,пыль,пыль,пул,пул,пул,пул,деньги,мицхир,okko,окко,мицхир,мицхир,мицхир,мехцер,"г1арсе, шагьи-кепек",да,"г1арсе, шагьи-кепек",да,"г1арсе, шагьи-кепек",да,"г1арсе, шагьи-кепек",да,"г1арсе, шагьи-кепек",г1арци,,ачи,,да,ачи,,,да,ачи,,,ас,ац,,да,ац,да,ац,да,ац
суп,the soup,soop,shorba,,цIыс,ц1ыс,рыкь,рикь,рыкь,рыкь,рыкь,рыкь,рыкь,"суп, чорпа",0,şorbası,шорпа,"хап1а, суп","хап1а, суп",йикь,йикь,йикь,"ц1уз, хап1а",ц1ыз,ц1уз,хуьрек,суп,чорпа,šorpa,шорпа,чорпа,чорпа,чорпа,"гъого, чорпа",чорпа,да,чорпа,чорпа,,да,чорпа,да,чорпа,чурпа,,чупа,,да,чупа,,,,,,,0,чорпа,,чурпа,,чурпа,,да,чурпа
свинец (из чего пули),the lead,peeshahangee,rasaas,,къургъушин,къургъушин,къургъушин,къургъушин,кургъушен,къургъушин,къургъушин,къургъушин,къургъушин,къургъушун,къургъушин,qurğuşun,къоргъашын,кьуркьушум,кьуркьушум,гъургъушин,гъуршъушин,гъуршъушин,къыргъышин,къыргъышим,къургъушин,свинец,свинец (из чего пули),КÉБ/У,0,къобу,0,кебу,0,кебу,т1оше,да,т1оше,да,т1оше,п,т1оше,сомневается,,т1ухьи,,т1оша,,?,,,,,,,,тIощ,т1ош,,,,да,т1ош,"чаран наверное, не различаю",
коса,the scythe,afandareh,"mihsad, minjal",,ч1а1на1к1,0,ч1ина1к1,ч1а1на1к1,ч1инак1,чинакь,ч1ина1к1,ч1инак1,ч1инакь,ч1анак1,дергес,na,чалгъы,дергес,дергес,чалугъ,чалгъун,чалугъ,дургес,дергес,дергес,,коса,ХЕРЦÉЛ/И,miɣlat’o,харачин,"мешу - жен., х1ерцели - муж.",харицел,херцели,"нешу, халицен","ххарицен, хъашт1а",второе (первое - серп),,хъашт1а,,хъашт1а,,да (ххарицен - малденький),хъашт1а,хъашта,,хъадиро,,хъалица (хъаНдиро - женский серп),,,,,,,,харицел,халици,,да,халици,да,халици,да,халици
серп,the sickle,"ghaleh, dabreh, afandareh, jakhsook","mihsad, mihash",,араб,араб,араб,хыбык,хьабак,хабахъ,араб,араб,араби,араб,ик1,oraq,оракъ,мукал,мукал,араб,араб,араб,баск1ун,баск1ун,баск1ун,,серп,,0,йыхыт1,нешу,нешу,нешу,,,не то что-то,,харицан,,"харицел, харицан",,да,"харицел, харицан",хъандиру,,хъадиро,,да,хъадиро,,,,,,,нича,? не точно,,,,как коса?,,халици,
краска,the paint,rang,"talaa', dihaan, sebgh",,"шир, ранг","ранг, шир",шир,ранг,читена,ранг,шир,шир,ранг,шир,ранг,boya,"бояв, сыр",ранг,?шур,"ранг, шир",ранг,шир,шур,шур,ранг,шир,краска,ЛАК,karaska,0,краска,лак,0,"лажбар, лак",лажбар,релъан (лажбар - это конкретно при ремонте),,"краска, которой красим если - то лажбар",,лажбар,,краска,,лажбар,,"краска, лажиба тоже говорят",,краска,,,,,,,,ладжибáр,краска. нажбар,,нажбар,,краска,,краска,
тюрьма,the prison,"habs-khaneh, dakan, dokeh, zendan, mahbas","sijn, zindaan",,дустах,дустагъ,дустагъ,дустагъ,дустагъ,дустагъ,дустагъ,дустагъ,"зулматхана, дустагъ?",тюрма,дустагъ,həbsxana,"туснакъ, зиндан",дустагъ,дусах,"тюрма, дустагъ",тюрма,0,дусагъ,дустагъ,дустагъ,дусагъ,тюрьма,ТУСНÁКЪ,t’usaɣi,т1усагъ,туснахъ,туснакъ,туснакъ,туснахъ,туснахъ,да,туснахъ,да,туснахъ,да,туснахъ,да,туснахъ,да,туснахъ,туснахъа,,да,туснахъа,,,,,,,туснáхъ,туснахъ,,туснахъ,,да,туснахъ,турьма,
серебро,the silver,0,fiddah,,гымыш,гымыш,гумуш,гумуш,гумуш,гумуш,гымыш,гымыш,гымыш,гымыш,гымыш,gümüş,гюмюш,гимиш,гимиш,гумуш,гумуш,нукьра,гимиш,кумыш,гумыш,гумыш,серебро,УКР/У,okko,месед,0,0,г1арац,"мецхер, укру //окро",г1арсе,да (и деньги),г1арсе,да,г1арсе,"гьезе бронза, г1арсе серебро подтвержил",,да,"гьезе бронза, г1арсе серебро подтвержил",г1арцци,,ачи,,да,ачи,,,,,,,ас,ац,,,,да,ац,да,ац
"замок (навесной), ключ",the lock,zoabeh,mighlaaq,,гюлег,гюлег,гулег,гулег,гулег,гулег,гюлег,къул?,гюлег,гюлег,гюлег,qala,кирит,"КЪЕЛЕ (зАмок), ДАПIАР (замОк)",дап1ара,куляк,куляк,0,дап1арар,"килога, дап1арар",куьлаг,кьулаг,замок (навесной),#N/A,0,рагъиб,бурк1ули,х1ишуни,х1ишуни,#N/A,#N/A,#N/A,маххе,#N/A,маххе,#N/A,маххе,#N/A,маххе,#N/A,,#N/A,,#N/A,рик1алълъли,#N/A,,#N/A,рик1алълъли,#N/A,,рéкIул,#N/A,,#N/A,,#N/A,,#N/A,к1уляр
известковый раствор,the mortar(2),azhand,jeer,,киредж,киредж,кирадж,кирадж,кирадж,кирадж,кирадж,кирадж,кирадж,киредж,киредж,minaatan,киречли сув,киреж (негашеная известь),киреж (негашеная известь),кирож,кирож,кирож,кереж,кереж,кереж,кереж,известковый раствор,ГАЧ,0,кираз,к1ер,гач,гач,гач,гаче,да,гаче,гаче,,да,гаче,да,гаче,гач билъилаледу,,,,киражи,,,,киражи,,,,гарч / гач,гач,,да,гач,да,гач,да,гач
крест,the cross,challepa,saleeb,,хач,хач,хач,хач,хач,хач,хач,хач,хач,хаш,хаш,keçmək,хач,хаш,хаш,хач,хач,хач,хаш,хам,хаш,хаш,крест,ХЪАIНЧ,qanč,хъанч,хъанч,чанк,хъач,хъанчи,чаНчалик1,NA (это крести в картах),,крест,,чанчалик1 крести,,крест (чаНчалик1 - крести),,хъанч,,хъанч,,"подтвердил, аварское",хъанч,,,,,,,хъаНч,хъанч,,да,хъанч,хъанч,,да,хъанч
кулак,the fist,"oor, mosht",qabdah,,худ,худ,худ,худ,худ,худ,худ,худ,худ,худ,худ,yumruq,юмурукъ,гъуд,гъуд,худ,худ,худ,гъут,гъуд,гъут,,кулак,БÉС/И,0,биза,беси,беси,беси,беши,зай,зай,,да,зай,ззай,,да,зай,зе,,жари,,да,жари,,,,,,,гьýнчIа,зай,,да,зай,да,зай,да,зай
шутка,the joke,"shukhi, ekhtelat, kheetal",nuktah,,зарафат,зарафат,зарафат,зарафат,зарафат,зарафат,зарафат,масхара,зарафат,зарафат,зарафат,zarafat,"масхара, самаркъав",зарафат,зарафат,зарафат,зарафат,зарафат,зарафат,зарафат,зарафат,зарафат,шутка,МАХСÁР/А,0,махсара,махсара,масхара,махсара,"гап, ихтилат, ихтилат-кеп, махсара",масхъара,да,масхъара,да,масхъара,да,масхъара,да,масхъара,да,масхъара,махсаро,,махсара,,,,,,,,масхъáра,масхара,,махсара,,махсара,,махсаро,
лопата,the spade,beel,"mijrafah, jarouf",,"бер, юхь",бер,къылсе,къылсе,къулсе,кансе,бер,бер,бер,бер,лопата,kürümək,"бел, кюрек, лопата","йирф (деревянная), кьусу (деревянная), пер, юрф","йирф (деревянная), кьусу (деревянная), пер, юрф",курак,курак,лопата,пер,"лопатка, пел","лопатка, пер",лопатка,лопата,ÁК/У,it’ino äkö,аку,аку,аку,аку,аку,"квабахх (деревянная), беле (железная)",беле,,белле,,белле,,беле,,бел,,по-русски,,лопатка,,,,,,,,"бегьýн - деревянная, рéхéн деревянная, бел - железная",бель,,да,бель,да,бель,да,бель
ножницы,the scissors or shears,"bor, gheychee","miqass, miqraad",,кьыIчIидбыр,кьыч1ид,къычид,кьы1ч1ид,къачид,къачид,кьыIдичIбыр,кьыIчIидбыр,къадыч1быр,мыкьрад,мыкьрад,qayçı,къайчы,къайчи,мукьрат,адиссе,адиссе,адисси,мукьрат,мукьрат,мукьрат,мукьрат,ножницы,ХЪИIРИЧI//ХЪЕIРÉЧI,yüč’dänä,yüč’dänä,хъирич1,хъирич1,хъирич1,мокIортIи,к1ваНкьибди,да,к1ваНкьибди,да,к1ваНкьибди,да,к1ваНкьибди,да,к1ваНкьибди,к1ункьиби,,квакьела,,да,квакьела,,,,,,,къвáНкьа,къванкьила,,,,да,къванкьила,да,къванкьила
одеяло,the blanket,patoo,"ghitaa', lihaaf",,"юргъан, одиял",юргъан,юргъан,юргъан,юргъан,юргъан,юргъан,адиял,юргъан,"адиял, юргъан","адиял, юргъан",yorğan,"ювургъан, шаршав, тёшек шаршав",яргъан,юргъан,"адиял, юргъан",ёргъан,юргъан,юргъан,юргъан,юргъан,одеяло,одеяло,"АДИЙÁЛ, сабани",yorɣan,yorɣan,сабани,сабани,сабани,"адийал, сабани","ургъан, адийал","первое (ватное толстое), адия",,ургъан,,да,ургъан,да,ургъан,"иргъан (стеганое, адияло",,игъва,,адия,,,,,,,,"гьáго // гьáгва - из овчины, эргъвáн / иргъвáн — стёганое",эргъун,,,,да,эргъун,да,эргъун
буза,the fermented drink,0,bouða,,"буза, хаIн",ха1нь,хинч1е,хинч1е,буза/ха1н,хинч1е,ха1н,ха1н,"хинче, буза",хы1нь,буза,gürültü,боза,буза,т1ач,выхына,выхы1на,выхынна,т1аг,т1ач,т1ач,т1ач,буза,ЗÉР/У,č’aɣa,су,зеру,зеру,ма1лу,"зере, чIагIа",ч1аг1а,ч1аг1а,,"мед, ч1аг1а самогон",,да,"мед, ч1аг1а самогон",оба,,ч1аг1а,,,,чаг1а,,ч1аг1а,,,,,,0,мед,,да,мед,да,мед,не знаю,
гусь,the goose,ghaz,wazzah,,къаз,къваз,къваз,къваз,къваз,къваз,къаз,къаз,къаз,къаз,къваз,dərzi ütüsü,къаз,КЪАЗ,КЪАЗ,къаз,къаз,урдяг,къаз,къаз,къаз,0,гусь,матIи2,bat’i,хъахъа,гусь,мат1и,0,матIи,хъаз,да,хъаз,да,хъаз,да,хъаз,да,хъаз,хъаза,,хъази,,"да, с назализацией",хъази,,,да,хъази,,,хъаз,хъаз,,неясно,,да,неясно,да,неясно
море,the sea,"darya, yam",bahr,,да1рагь,дейра,дарья,дерьягь,дарьягъ,дерья,дерьягъ,дерьягь,дерьягь,дейра,дангыз,dəniz,денгиз,гьуьл,гьуьл,дерье,дерье,дерье,гьуьл,гьуьль,гьуьль,гьуьль,море,ралъад,raɬad,ралъад,море,море,ралъад,ралъад,релъа,да,релъа,"море, лъерса",,релъа,,релъа,,да,релъа,ралъа,,море,,,,,,,,рéлгьа,,,,,ралъа,,да,ралъа
сад,the garden,"bagh, baghcheh, baghestan, baghak, bostan","hadeeqah, riyadh",,багъ,багъ,багъ,багъ,багъ,багъ,багъ,багъ,багъ,быстан,багъ,bağ,бав,бахча,сагъл,багъ,багъ,багъ,"багъ, сагьл",багъча,багъ,багъ,сад,ахибакI,baɣi,а1гъ,"агарод, сад",моч,сад,ахибакI,ахе,да,ахе,да,ахе,да,ахе,да,ахе,агьи,,ахъи,,ахъикьи,,,,,,,,0,ах,,,,ах,,агь,
утка,the duck,"ordak, bat",battah,,уьрдег,уьрдег,уьрдег,"къваз, уьрдег",уьрдег,уьрдег,урдег,уьрдег,оьрдег,0,къваз,ördək,"оьрдек, бабиш",п1ат1,уьрдег,уьрдяг,уьрдяг,0,уьрдег,уьрдег,уьрдег,-,утка,МÁТI/И1,ixu,хъахъа,утка,хъаз,утка,ихурахъ,ордок,да,ордок,да,ордок,да,ордок,да,ордок,урдык,,,,бабуше,,,,,,,,"бабýш, оьрдек - дикая",?,,хъаз,,,,ордек,
арка,the arch,tagh,qaus,,чарх ад,чарх,арка,тагъ,тагъ,чарх,чарх,чарх,арх,чарх,чарх,tağ,гюмез,NA,NA,тагъ,арка,0,чарх,чарх,чарх,арка,арка,КIÁМ/У2,k’amur,арка,арка,к1аму,к1аму,кIамури,к1амур,"сорер, кьиба",,к1амур,,да,к1амур,"гургин круглый буквально, к1амур подтверждает",,акъва,,,,к1аму,,да,к1аму,,,,,кIáмур,к1авун,,да,к1авун,да,к1авун,подтвердила,к1авун
колесо,the wheel,"takar, char",ajalah,,чарх ад,чарх,туп,туп,туп,туп,туп,туп,туп,чарх,чарх,təkər,дёгерчик,чарх,чарх,текар,текара,текар,чарх,чарх,чарх,чарх,колесо,аIгъур,örrä,örrä,а1гъур,а1гьур,а1гъур,гъемер,диду,да,диду,да,диду,да,диду,да,диду,гури,,к1илик1а,,да,к1илик1а,,,да,к1илик1а,,,"гъáрбичо - у машины, чархъ / чахъ - на швейной машине",гиличо,,да,гиличо,"гор круг, гиличо",,гиличо,
виноград,the grape,angoor,enb,,"тIымыл, изюм, кишмиш",т1ымыл,т1ымыл,т1ымыл,т1ымыл,т1ымыл,т1ымыл,т1ымыл,т1ымыл,т1ымыл,т1ымыл,üzüm,юзюм,ЦИПИЦ,уьзуьм,т1ымыль,т1ымыль,т1ымыль,уьзуьм,уьзуьм,уьзуьм,уьзуьм,виноград,кIуди,k’odo,k’odo,к1уди,к1уди,к1уди,кIуди // кIвиди,ц1ибил,ц1ибил,,да,ц1ибил,да,ц1ибил,да,ц1ибил,ц1ебила,,ахъи,,да,ахъи,,,да,ахъи,,,"агь, къáра-цIибил, чóрма",ц1ибил,,да,ц1ибил,ц1ибиль,,да,ц1ибиль
молоток,the hammer,"potk (smith's hammer), chakkosh",mitraq,,сант,сант,сант,сант,сант,сант,сант,сант,сант,сант,сант,çəkic,чёкюч,к1ута,к1ута/каш,к1аш,к1аш,к1аш,к1аш,к1аш,к1аш,к1аш,молоток,"ГИЗÁР/У (для жерновов), КÁРТI/А",t’öʔä,t’öʔä,КÁРТI/А,КÁРТI/А,КÁРТI/А,квартIа,корт1а,да,корт1а,да,корт1а,да,корт1а,да,корт1а,да,корт1а,кот1а,,да,кот1а,,,,,,,кóртI|,курт1а,,,,да,курт1а,да,курт1а
"тухум, род",the clan,taefat,"al, 'aailah, 'asheerah",,"тум, цихил, тухум, кьабиле","тухум, цихил",тухум,тухум,"тухум, кьабила — редко","тухум, цыхил - нет","тухум, хъайбац1ар","тухум, арха, махле","тухум, ма1хле",тухум,тухум,tuhum,тухум,жинс,сихил,тухум,тухум,"тухум, насыр",сехил,"сехил, жинс",тухум,сихил,"тухум, род",КЬИБИЛ,0,"тухум, кьибиль","тухум, кьибил, агал1и","кьибил, тухум","кьибил, тухум","жинс, кьибил, наслу, тайпа, тухум, тухум-кьибил, уммат","тухум, гьекьебо",кьибил (корень),,тухум,,тухум,,"тухум, кьибил подтверждает, тухум-кьибил родословная",,"тухум, кьибил тоже",,кьибил,,г1агалъи (родственники),,,,,,,,0,кьибиль,,кьибиль,,тухум,,тухум,
яд,the poison,"zoaf, zefaf, zahr, samm, sharang",samm,,"аугъу, зегьер, зегьриман, яман",агъу,авгъу,авгъу,авгъу,агъу,увгъу,увгъу,авгъа,агъу,агъу,zəhər,?,агъу,агъу,загъыр,захыр,загъыр,агъу,агъу,агъу,0,яд,БИХИР/Á,zahru,зигьру,загьру,загьру,загьру,"загьру, закъум, загьру-закъум",загьру,да,загьру,да,загьру,да,загьру,да,загьру,да,загьру,загьиро,,да,загьиро,,,,,,,зáгьру,загьру,,загьру,,да,загьру,да,загьру
"граница, межа",the boundary,"marz, parreh, saghar, hashieh, gheervan, karan, kanaf",hadd (pl. hudoud),,саргьаIт,саргьа1т,саргьаIт,саргьа1т,саргъат,саргъат,саргъа1т,саргьат,саргьат,са1ргъа1т,саргъат,sərhəd,дазу,"ГЪАЯТ, СЕРГЬЯТ","ГЪАЯТ, СЕРГЬЯТ",сегьрат,сегьрат,сегьрат,сергьет,чсергьет,сергьет,сергьят,"граница, межа",ГIУРХЪ/И,0,ГIУРХЪ/И,ГIУРХЪ/И,ГIУРХЪ/И,ГIУРХЪ/И,"гIорхъи // гIурхъи, кух, лах, лахта, рахъ","г1орхъе, х1ат",первое,,да,первое,п,первое,п,первое,г1орхъи,,г1охъи,,подтвердил,г1охъи,,,да,подтвердил,,,гIорхъи,г1орхъи,,гьуа (г1орхъи - граница между селениями),,г1орхъи,,г1орхъи,
санки,the sledge/sled,"potk, doroshkeh, soortmah, kooban",mizlajah,,"гъаIль, гъаIлер",гъа1ль,кирхе,кирше,кирше,кирше,хезек1,сиде?,гьараби,гъаль,гъа1ль,na,"чана, чаналар",гъел,гъилирар,хизаг,хизаг,хизаг,жилерар,гьэлерар,кьамар алерар,санки,санки,ЧАГЪÁIН/А//ЧАIГЪÁН/А,0,к1ох,чагъана,чагъана,чагъана,чагъана,"артаНди, чанагъабди",первое,,санкилди,,санкибди,,"санки, чагъан искусственно сделанный",,чанагъ,,чанагъа,,санка,,,,,,,,"гелегáби, чагъáна",чанах,,,,чанагъ,,чанагъ,
цена,the price,"qeymat, baha","si'r, qeemah, θaman",,кьимет,кьимет,кьимет,кьимет,кьимет,кьимет,кьимет,кьимет,кьимет,кьимет,кьимет,qiymət,"багьа, къыймат, гьакъ",мас,кьимет,кьыймат,кьиймат,кьимат,кьимет,к1емет,к1емат,к1емат,цена,БÁГЬ/А,baha,багьа,багьа,багьа,БÁГЬ/А,"багьа, къимат, хIакъ","багьа, къимйат",багьа,,да,багьа,да,багьа,да,багьа,да,багьа,багьа,,да,багьа,,,,,,,багьá,багьа,,багьа,,да,багьа,да,багьа
пила,the saw,arreh,"minsharr, meesharr",,меншер,меншер,къыздабил,"гирдебил, дархъилаг, *меншер",гирдебил,дархилаг,"гирдаб, дархъилак, меншер","кирдаб, дархилаг",кирдаб,меншер,меншер,mişar,бычгъы,мишер,мишер,гирдабиль,гердабиль,гердабиль,меншере,меншери,меншери,,пила,ХИРИХ,xoyɣo,хойгъо,хирих,хьирих,ХИРИХ,хилих,ххердоб,да (пилящая вещь),ххердоб,ххердоб дала,,да,ххердоб дала,да,ххердоб дала,хъухъаб диру,,хъухъа диро,,да,хъухъа диро,,,,,,,хъихъвáниб,хъохъодира,,,,да,хъохъодира,да,хъохъодира
лекарство,the medicine,,dawaa',,дарман,"дава, дарман",дарман,дарман,дарман,дарман,дарман,дарман,дарман,дава,дарман,tibb,дарман,дарман,дарман,дарман,дарман,дарман,дарман,дарман,дарман,дарман,лекарство,дару,daru,дару,дару,дару,дару,"дару, дарман, сабав // сабаб2",дару,да,дару,да,дару,да,дару,да,дару,да,дару,дару,,да,дару,,,,,,,"дармáн, дарý",дару,,да,дару,да,дару,да,дару
семья,the family,xanevadeh,"aailah, usrah",,"хизан, куьльфет",хизан,хизан,хизан,кулфат,хизан,хизан,хизан,хизан,хизан?,хизан,ailə,"уягьлю, агьлю",килфет,хизан,хизан,хизан,хизан,хизан,хъзан,хизан,хизан,семья,БÁРУ-ХÉХ/БИ,qizan,семья,хак1у,хьак1у,бал1у,"агьлу, гьакъу, гьакъу-къала, хъизан","агьлу, куНт1а-гьарк1к1е, хъизам",хъизан,,хъизам,,да,хъизам,да,хъизам,да,хъизам,хъиза,,да,хъиза,,,,,,,"кулпáт, хъизáн",хъизан,,,,хъизам,,хъизан,
мост,the bridge,,jisr,,гъа1,гъа1,гъа1,гъа1,гъа,гъе1,гъа1,гъа1,гъа,гъа1,гъа1,körpü,кёпюр,тахта,муьгъ,цигъ,йугъ,йугъ,муьгъ,муьгъ,,,мост,"КIÁМ/У (арочный), ЛIЕ",t’iyo,т1ийо,л1е,л1е,л1е,лIемо2,кьеру,да,кьеру,да,кьеру,да,кьеру,да,кьеру,да,кьеру,кьира,,да,кьира,,,,,,,кьер,кьер,,,,да,кьер,да,кьер
"друг, приятель",the friend,dust,saahib,,"хыди, юлдаш, дуст,къардаш",юлдаш,дуст,дуст,дуст,дуст,юлдаш,юлдаш,"дост, юлдаш",юлдаш,юлдаш,dost,"къурдаш, ёлдаш, ювукъ, дост ёлдаш",КЪАРДАШ,дуст,дуст,дост,дуст,дуст,юлдаш,дуст,юлдаш,"друг, приятель",0,0,гъалмагъ,гъалмагъ,гъалмагъ,гъалмагъ,"ваццал, гьалмагъ, гьудул, гьудул-гьалмагъ",чокъа,"чокъа, гъалмагъ - аварское",,чокъа,,да,чокъа,чокъа,,"гъалмагъ, гьудул",,гьамагъе,,да,гьамагъе,,,ц1еве,,,,0,"гьудул, гьалмагъ",,гьалмагъ,,гъалмагъ,,да,гъалмагъ
гвоздь,the nail,,mismaar,,"мысмар, хъатах",мусмар,масмар,масмар,масмар,масмар,мигьман,мысмар,мысмар,мысмар,мысмар,dırnaq,"мых, чюй",МИСМАР,мысмар,мысмар,мысмар,мысмар,масмар,масмар,"михъ, масмар",мих,гвоздь,ÓКI/О,muq’o,мукъо,ÓКI/О,ÓКI/О,ÓКI/О,акIве,"гьаНк1ва, х1аНк1ва",гьанк1ва,,да,гьанк1ва,да,гьанк1ва,да,гьанк1ва,гьанк1ва,,микъе,,да,микъе,,,да,микъе,,,гьáкIва,гьанк1ва,,да,гьанк1ва,да,гьанк1ва,да,гьанк1ва
вилы (сена),the fork(2)/pitchfork,,midrah,,хьылан,хьылан,хьибк1ари,хьибк1ари,хьиккари,хибкари,мысмар,хылан,"хьылан, кьынгери",хьылан,хьылан,yaba,сенек,КЬУЬК,КЬУЬК,яба,яба,яба,кьуьк,кьуьк,кьуьк,,вилы,#N/A,#N/A,сино,КЪУIЛI/У,КЪУIЛI/У,КЪУIЛI/У,#N/A,#N/A,#N/A,,#N/A,к1ванкьа,#N/A,к1ванкьа,#N/A,,#N/A,,#N/A,,#N/A,лъано,#N/A,,#N/A,лъано,#N/A,,кIвáНкьа,#N/A,,#N/A,к1ванкьа,#N/A,,#N/A,к1ванкьа
"щипцы, клещи",the tongs,,qarrasah,,"къецI, келбатун",кельбатун,къа1ц1,калбатун,къац,калбатун,калбатун,"калбатун, къац",калбатун,къа1ц,къец,maşa (щипцы),"маша, келпете","маша (для углей), хех",хех,кальбатун,кальбатун,кальбатун,хях,хех,къец1,къяц,"щипцы, клещи",ХÓЦI/У,0,ХаЦI/У,ХÓЦI/У,ХÓЦI/У,ХÓЦI/У,"калбатун, хоцIу",гъец1е,да,гъец1е,да (и в печке кочерга?),гъец1е,да,гъец1е,гъец1е,,гъец1и,,гьец1и,,?,,,,,,,,гъецIв,гьец1,,гьец1,,гьец1,,да,гьец1
тыква,the pumpkin or squash,,qar'ah,,къабах,къабах,къабах,къабах,кабах,кабах,къабах,къабах,къабах,къабах,къабах,balqabaq,къабакъ,буран,къабах,кьабах,к1абах,къабах,къабах,кабах,къабах,къабах,тыква,,NA,къабах,хъабах,хъабахъ,тиква,,,да,,да,,да,да,п,да,хъабахъ,,хъабахъо,,да,хъабахъо,,,,,,,гамýз,дажик1,,дажик1,,да,дажик1,да,дажик1
ложка,the spoon,,mil'aqa,,дур,дур,дур,дур,дур,дур,дур,дур,дур,дур,дур,qaşıq,къашыкъ,т1ур,т1ур,к1ук1,к1ук1,к1ук1,т1ур,т1ур,т1ур,т1ур,ложка,БУГЬУН,k’obzi,к1обзи,хъоци,хъози,хъози,"кьид (деревянная), кIовзи (металлическая)","бегьун, гъеру",первое (второе - деревянная),,да,первое (второе - деревянная),да,первое (второе - деревянная),да,первое (второе - деревянная),бегьун,,сиква,,да,сиква,,,,,,,"квагь - глубокая, бегьýн - неглубокая",бегьун,,да,бегьун,да,бегьун,да,бегьун
зеркало,the mirror,,"mir'aah, mirayah(dial.)",,гюзгю,гюзги,гузге,гузге,гузги,гузге,гюзге,гюзге,гюзге,гюзгю,гюзгю,güzgü,гюзгю,ГУЬЗГУЬ,ГУЬЗГУЬ,нухри,нахури,нухари,гуьзгуь,гуьзгуь,гуьзгуь,гуьз,зеркало,ЧIИКÁЙ,c’ika,ц1ик1а,ЧIИКÁЙ,ЧIИКÁЙ,ЧIИКÁЙ,цIикай,"мат1у, бек1иНдоб",мат1у (и стекло тоже) (смотрящее зеркало бек1индоб мат1у),,да,мат1у (и стекло тоже) (смотрящее зеркало бек1индоб мат1у),мат1у (просто стекло),,да,мат1у (и стекло тоже) (смотрящее зеркало бек1индоб мат1у),мат1у,,да,мат1у,да,мат1у,мат1у,,да,мат1у,мат1у,,матIý,мат1,,да,мат1,да,мат1,да,мат1
барабан,the drum,,tablah,,накьра,накьра,накьра,накьра,накьра,накьра,накьра,накьра,накьра,макьра,накьра,nağara,"накъыра, барабан",ДАЛДАМ,ДАЛДАМ,накьра,накьра,накьра,далдам,далдам,далдам,далдам,барабан,КЪИIЛ/И,dibit’o,дибит1о,КЪИIЛ/И,КЪИIЛ/И,КЪИIЛ/И,къили,дане,дане,,да,дане,да,дане,"барабан, жергъен бубен",,дану,,,,гвама,,да,гвама,,,,,двай,двай,,да (носовой?),двай,да носовой,двай,да,двай
кукуруза,the maize/corn,,ðurrah,,къаргъадалый,къаргъадалый,къаргъудали,къаргъудали,каргъудали,къаргъудали,къаргъудели,къаргъудели,каргъаделле,кукуруза,къаргъадалай,qarğıdalı,гьабижай,гьажибугъда,кукуруз,къаргъадали,къаргъадали,къаргъадали,кукуруз,"ажибулда, кукуруз",кукуруз,,кукуруза,симинди,simindi,симинди,симилди,симилди,кукуруза,симинди // симилди,щамакъуру,щамакъеру,,шамакъуру,,да,шамакъуру,шамакъуру,,х1еч1къир,,ч1акъиру,,да,ч1акъиру,,,,,,,чакáлъара,шамакъар,,да,шамакъар,да,шамакъар,да,шамакъар
войлок (из чего делают бурки),the felt,,"libd, lubbad",,лит,лит,лит,лит,лит,лит,лит,бегиг?,тын,тараджа?,дыныд ухур,keçə,кийиз,лит,лит,кече,лит,0,лит,0,лит,0,войлок,#N/A,#N/A,0,ХIÓЛъИ,бутни,0,#N/A,#N/A,#N/A,,#N/A,буртина,#N/A,,#N/A,буртина сама бурка,#N/A,,#N/A,,#N/A,,#N/A,,#N/A,,#N/A,,рóкьом,#N/A,,#N/A,,#N/A,,#N/A,
раб,the slave,bandeh,abd,,"къул, лыIкI",къул,къул,наджбар,къул,"къул, наджбар",лык1,нуькьва,къул,лы1к1,лыкь,qul,къул,"бенде, къул, лук1",лык1,къул,къул,къул,лык1,лык1,лык1,"лык1, лук1",раб,0,laɣ,раб,лагъ,0,0,"гъарабаш, лагъ, хIамбалийав",лагъе,"хъазахъ, лагъе тоже можно",,лагъ (ав),,лагъ (ав),,лагъ,,лагъи,,лагъи,,?,,,,,,,,лагъ,"лагъ это по-аварски,",,,,гъаравуш (за меня работающий человек),,лагъ,
игла,the needle(1),,"khiyaat, ibrah, shaukah",,руб,руб,руб,руб,руб,руб,руб,руб,руб,руб,руб,iynə,ине,NA,раб,выеба,ваяба,выяба,раб,раб,раб,,игла,МУР/И,0,нибч,мури,мури,мури,макъваре,"бежун, къиНдоб",первое (второй слово - “шьющая”),,да,первое (второй слово - “шьющая”),да,первое (второй слово - “шьющая”),да,первое (второй слово - “шьющая”),бежун,,межу,,да,межу,,,межу,,,,бéжун,бежун,,да,бежун,да,бежун,да,бежун
труп,the corpse,,juθmaan,,майит,майит,майит,майит,майит,майит,джандахъ,майит,джаназа,майит,майит,cəsəd,"оьлген къаркъара, сюек",мийит,мийит,элу,элу,майит,муит,муит,муит,маит,труп,ЦУД/И,žanaza,жаназа,джаназа,джаназа,къаркъала,"жаназа, ракъи",джаназа,да,джаназа,да,джаназа,да,джаназа,"мусру, джаназа подтвердил",,да,"мусру, джаназа подтвердил",жаназа,,джаназа,,,,,,,,къаркъáла,"жаназа (ав, подтвердил)",,жаназа,,да,жаназа,да,жаназа
работа,the work,kar,amal,,гвалах,к1валах,ма1ъа1ш,ма1ъа1ш,маъа1ш,маъа1ш,к1валах,к1валах,к1валах,к1валах,квалах,iş,иш,к1валах,к1валах,иш,иш,ищ,к1валах,0,к1валах,,работа,хIалтIи,hält’i,х1алт1и,х1алт1и,х1алт1и,хIалтIи,"беддослъи, иш // ýш, хъулухъ, хIалтIи",ришаНхъер,да,ришаНхъер,да,ришаНхъер,да,ришаНхъер,да,ришаНхъер,тухала,,кукъи,,да,кукъи,,,,,,,"тóхала, хIалтIи, хIáлтIидар",х1алт1и,,,,тухали,,тухали,
мука (пшеничная),the flour,,"tihn, taheen",,ху1р,хы1р,хы1р,хы1р,ху1р,ху1р,ху1р,ху1р,хы1р,хы1р,гъу1ль,un,ун,гъуьр,гъуьр,ху,ху,ху,хуьр,хуьр,хуьр,хуьр,мука (пшеничная),атI,0,гьат1,атI,атI,атI,"азаб // гIазаб, акъуба // гIакъуба",хъороб,да,хъороб,да,хъороб,да (=молотый),хъороб,да,хъороб,хъолур,,аталълъи,,да,аталълъи,,,,,,,гьатI,гьат1,,,,да,гьат1,да,гьат1
топор,the axe/ax,,"tabar, fa's",,балта,балта,балта,балта,балта,балта,балта,балта,балта,балта,балта,balta,балта,як1в,наджах,як1в,як1в,як1в,наджах,наджах,нажах,нажах,топор,ГIО,õg,оНг,ГIО,ГIО,ГIО,"ог, ишину",аНжито,да,аНжито,да,аНжито,анжитобо,,анжито(бо),,г1анжит,,ажите,,да,ажите,,,,,,,аНжитв,анжит,,анжит,,да,анжит,да,анжит
кошка,the cat,,"qittah, hirrah",,га1т,гыт,гет,гет,кет,гет,гет,гет,гет,га1ть,гет,pişik,мишик,кац,кац,бисий,биси,биси,кац,кац1,кац1,кац1,кошка,КIÉТI/У,0,гету,к1ет1у,к1ет1у,КIÉТI/У,"кIетIу, цIуйав кIетIу","иссо, бугъурк1а",иссо (второе не то),,иссо,,да,иссо,да,иссо,кету,,кето,,кету,,,,,,,,китв,чет,,да,чет,да,чет,да,чет
стена,the wall,,"haait, jidaar, judraan",,мас,мас,мас,мас,мас,мас,мас,мас,мас,мас,мас,divar,"там, чыр",цал,цал,дувар,дувар,давар,цал,цал,цал,цал,стена,ХЪИД/О,yõso,yõso,ХЪИД/О,ХЪИД/О,ХЪИД/О,хъешу,къиН,къин,,къиН,,къиНй,,къийН,,къин,,къеда,,къеда,,,,,,,,къин,къинда,,къинда,,да,къинда,да,къинда
крупный рогатый скот,the cattle,,mawaashi,,"къара мал, зебыр",даварар,"даварар, къара мал","даварар, зер","зебыр, малбыр","йас, зер, малбыр, карамал — азерб",карамал,малбыр,малбыр,малбыр,даварар,mal-qara,къара тувар (рогатый скот),къарамал,къарамал,къарамал,чавра,чавра,къармал,"колер, малар","мал-хеб, къарамал",суьри,крупный рогатый скот,ХIАЙВÁН,häymän,häymän,гьуру,босу,зе,хIайван,х1ванил1,бец1ур (в словаре непонятно),,,,,,,,,,,,,,,,,,,,бечI,х1айванади,,,,,,,
долг (денежный),the debt,,"dein, madyuniyah",,бырдж,бырдж,бырдж,бырдж,бырдж,бырч,бырдж,бырдж,бырдж,бырдж,бырдж,borc,борч,БУРЖ,БУРЖ,борж,борж,борж,бурж,бурж,бурж,бурж,долг,#N/A,#N/A,nahɬi,налъи,к1аза,налъи,#N/A,#N/A,#N/A,,#N/A,къарз,#N/A,,#N/A,"налъи ав, къарз подтвердил",#N/A,,#N/A,,#N/A,гьебе,#N/A,,#N/A,,#N/A,,"къарз, нáлгьи, парз",#N/A,,#N/A,,#N/A,,#N/A,
свинья,the pig,,khenzeer,,дунгъуз,дунгъуз,дунгъуз,дунгъуз,дунгуз,дунгуз,дунгъуз,дунгъуз,дунгуз,дунгъуз,дунгъуз,donuz,донгуз,вак,вак,вок,вок,вок,"вок, цуьнуь",вак,вак,вак,свинья,баIлIо1,buƛo,buƛo,баIлIо1,баIлIо1,баIлIо1,болIи,"болъон, дуНгъуз, хъапан","первое, (дунгуз - это трутень)",,болъон,,да,болъон,"хъабан дикая, болъон домащняя после разудмичй",,болъон,,болъо,,подтвердил,болъо,,,,,,,"болгьóн, дуНгъýз",болъон,,,,да,болъон,болъон,
петух,the cock/rooster,,deek,,дадал,дадал,дадал,дадал,дадал,дадал,дадал,дадал,дадал,дадал,дадал,sik,хораз,к1ек,к1ек,дадал,дадал,дадал,к1ек,кек,к1ек,,петух,МАМАЛÁЙ,mamali,mamali,мамалай,мамалай,мамалай,гулучи,хъут1а,да,хъут1а,да,хъут1а,да,хъут1а,да,хъут1а,да,хъут1а,хъелеко,,да,хъелеко,,,,,,,куНтIáб,гьелеко,,,,да,гьелеко,да,гьелеко
"ремень, пояс",the belt,,hizaam,,чIил,ч1ил,ч1ил,йикьа1йди,йакьайяги,чил,ч1ил,ч1ил,ч1ил,ч1ил,чил,qayış (ремень),къайыш; белбав,ч1ул,ч1ул,камар,камар,камар,ч1ул,чул,чул,,"ремень, пояс",РИЦ/У2,0,ц1иц1и,ч1урут1у,ашуни,ашуни,"ашуне1, илъ // ýлъ1, къвал, речу, чIилу",рачвал,да,рачвал,да,рачвал,да,рачвал,да,рачвал,рачвал,,ракьича,,да,ракьича,,,,,,,]áНтIа / ČáНтIа,рижва,,,,да,рижва,да,рижва
нитка,the thread,,kheit,,ухур,ухур,ухур,ухур,ухур,ухур,ухур,ухур,у1мур,ухур,ухур,sap,йип,гъал,гъал,ухара,ухара,ухура,гъал,гъал,гъал,хал,нитка,КIÁРЙ/А,0,к1игьмат,муху,маху,муху,мекъу // некъу,рекун,да,рекун,"кару, рекун подтвердил, даже больше подходит",,рекун,,да,рекун,кору,,квари,,да,квари,,,,,,,квар,квар,,,,да,квар,да,квар
железо,the iron,,hadeed,,йилаг,йиляг,йилаг,йилег,йилаг,гьилаг,йилег,йилег,ухур,йилаг,йилаг,dəmir,темир,РАКЬ,РАКЬ,йива,йива,йилагъ,ракь,ракъ,ракъ,ракъ,железо,ГЕР,kil,kil,гер,гер,гер,кер,куба,да,куба,да,куба,да,куба,да,куба,да,куба,рач1ихе,,да,рач1ихе,,,да,рач1ихе,,,кýба,куба,,да,куба,да,куба,да,куба
волк,the wolf,,ðiab,,убул,убул,убул,убул,убул,губул,убул,убул,убул,убул,убул,canavar,бёрю,ЖАНАВУР,ЖАНАВУР,джанавар,джанавар,джанавар,жанавур,жанавур,жанагур,жанавур,волк,боцIи,bac’o (1),bac’o,боц1и,боц1и,боц1и,боцIе,"бац1а, хъумур",бац1а,,да,бац1а,да,бац1а,да,бац1а,бац1а,,бач1а,,да,бач1а,,,да,бач1а,,,бáцIа,бац1а,,да,бац1а,да,бац1а,да,бац1а
вдова,the widow,,armalah,,выгIыл йикьид хьыдылды,хиндадый,къайвани,къайвани,къайвани,къайвани,хиндандай,хиндандай,хьиндандай,хьиндадай,хьиндадай,dul,тул къатын,ХЕНДЕДА,хындадай,сип1ыри,сип1ыри,сеп1ыри,хындадай,гъуьл кье паб,хиндадай,хендадай,вдова,КЪОРОЛÁЙ,qorolay,хъоролай,0,къорола,къоролай,"къоролай, къорон-ахъили",къоролай,къоролай,,да,къоролай,да,къоролай,да,къоролай,да,къоролай,,,къорола,,къорола,,,,,,къорóлай,къоролай,,да,къоролай,да,къоролай,да,къоролай
гриб,the mushroom,,futr,,чеч,чеч,ц1ик1вал,ц1ик1вал,чиков,ц1икал,пафбыр,паф,паф,чач,чеч,göbələk,къолкъотур,КЪАРНИКЪУЗ,"паф, къарникъуз",п1ап1ыш,п1ап1ыш,п1ап1ыш,паф,паф,паф,,гриб,"атI, инахI-зикIу,
	энехIзикIу, куралак
",zok’o,зок1о,инахI-зикIу,инахI-зикIу,инахI-зикIу,зекIу,режабо,да,режабо,режба,,режабо,,режабо,,г1урдалх1ан,,г1урдах1е,,,,,,да,г1урдах1е,,,губ,торша,,"г1урдах1ан (торша на гриб может тоже говорят, не знает)",,г1урдах1ан,,шайт1анилъ торша (круг черта),
голос,the voice,seda,sout,,сес,сес,сас,сас,сас,сас,сес,сес,сес,сес,сес,səs,"тавуш, аваз, сес",СЕС,СЕС,сес,сес,сес,сес,сес,сес,сес,голос,ГЬАРÁКЬ,hok’,гьаракь,гьаракь,гьаракь,ГЬАРÁКЬ,"гьаракь, пIез, сас",лъарч1ч1у,лъарч1ч1у,,да,лъарч1ч1у,да,лъарч1ч1у,лъарч1ч1у,,гьарч1у,,лъац1о,,да,лъац1о,,,да,лъац1о,,,хIащIв,гьач1,,да,гьач1,гьач1в,,да,гьач1в
гость,the guest,mehmoon,dheif,,мийман,мийман,мигьман,мигьман,мигьман,мигьман,мигьман,мигьман,мигьман,мигьман,мигьман,qonaq,къонакъ,МУГЬМАН,МУГЬМАН,мигьман,мигьман,мигьман,мегьман,муьгьман,мегьман,мугьман,гость,ЛIИРБ/А,hobol,hobol,ЛIИРБ/А,ЛIИРБ/А,ЛIИРБ/А,лIерба,ц1ц1ев,да,ц1ц1ев,да,ц1ц1ев,да,ц1ц1ев,да,ц1ц1ев,ц1е,,ц1еве,,да,ц1еве,,,да,ц1еве,,,Čēв,ц1ев,,да,ц1ев,да,ц1ев,да,ц1ев
клюв,the beak,,"minqaar, minqaad",,к1ухь,к1ух,"бук1, к1уф?",к1уф,к1ухь,к1уф,к1ухь,к1ухь,к1ухь,к1ыф,к1уф,dimdik,къуш бурун,к1уф,к1уф,бок1,бок1,бок1,к1уф,к1уф,к1уф,,клюв,буIкьи,möƛ‘ö,möƛ‘ö,гьут1у,буIкьи,гьут1,микьу,суНк1а,да (равно губа),суНк1а,да,суНк1а,да,суНк1а,да,суНк1а,гозо,,миъи,,да,миъи,,,миг1а,,,,хоНхóл // хваНхáл,сунк1а (как рот),,да,сунк1а (как рот),да,сунк1а (как рот),птицы нос,
свадьба,the wedding,"ezdevaj, namzadi","zawaaj, 'urs, tazawwuj",,"дават, туй",дават,дават,дават,дават,дават,даватбыр,дават,дават,дават,дават,toy,той,мехъер,тавияр,даватбе,даватбе,дават,туяр,туй,"туй, межлис",,свадьба,БЕРТИН,beyten,beyten,бертен,бертен,бертен,"бертен, зурма-къили, ригьин-цIай, сухIмат-къили",бертен,да,бертен,да,бертен,да,бертен,да,бертен,да,бертен,мети,,да,мети,,,,,,,бéртен,бетин,,,,бертин,,бертин,
паук,the spider,,ankabout,,хашанкIвалый,хашанк1алый,хашанк1ал,хашанкIал,хашанк1ал,хашанкал?,хашанк1ал,хашанк1валый,шанк1ал,хашк1ар,хашанк1валый,hörümçək,"мияма, мия",хуьшрекан,хуьшрекан,гинданахъ,гиндарахъ,гиндарахъ,хуьчрекун,хуьшрекан,хуьшрекан,,паук,БОЗÓГЪ/У,kalaɣas q’ī,kalaɣas q’ī,бил1ал1у,БОЗÓГЪ/У,0,"бозогъу, рокъ1",ххаразан,да,ххаразан,да,ххаразан,да,ххаразан,харазан,,синдаркьу,,хъахъара,,подтвердил,хъахъара,,,,,,,нисхъара,балугьан,,,,палигьан,,хъаранис,
цветок,the flower,,zahrah,,"бычI,бычIбыр",быч1,бич1,бич1,пич1,ич,быч1,быч1,быч1,быч1,быч1,gül,чечек,"гуьл (заим.), цуьк",цуьк,т1ет1ь,т1ет1ь,т1ет1ь,цуьк,цуьк,цуьк,,цветок,ГАГÁЛ/И,diʔi,diʔi,гагали,гагали,гагали,"гагали, тIегь",ццицци,да,ццицци,да,ццицци,да,ццицци,цици,,гиргин,,цици,,да,цици,,,,,,,гигин,цици,,цици,,да,цици,да,цици
"шрам, рана",the scar,,nadbah,,"лышан, йыхыIнь, яра",лышан,лышан,лышан,йыхыIнь,лышан,ич,лышан га,лышан,ич,лышан,çapıq,яра дамгъа,кьац1,ишк1ал,0,чапых,0,ишк1ал,хер,лишан,,шрам,#N/A,#N/A,0,ра1хъ,ругъын,0,#N/A,#N/A,#N/A,,#N/A,,#N/A,андже,#N/A,андже,#N/A,,#N/A,,#N/A,дигъи,#N/A,,#N/A,,#N/A,,ащ,#N/A,,#N/A,,#N/A,,#N/A,
пыль,the dust,,turaab,,руг,руг,туз,туз,туз,туз,туз,туз,туз,руг,руг,toz,чанг,руг,туз,тоз,тоз,тоз,туз,туз,руг,туз,пыль,"гибу, гутI, кьи­ди, кьиди-хвиди (мок.), поIн",pax,pax,гибу,гьыр,гибу,"гебу, пох, хIур",х1уре,да,х1уре,да,х1уре,да,х1уре,да,х1уре,х1ури,,тата,,да,тата,,,,,,,дáра,х1ур,,,,да,х1ур,х1ур,
ящерица,the lizard,,"sihliyah, dhabb",,накьыIваIкь,някьы1ва1кь,футфул,хьутхьул,хьутхьул,хьутхьул,"накьыIваIкь, ц1ак1арак",?,ц1ак1арак,накьывакь,маркьы1вакь,kərtənkələ,гесертки,чурчул,хурлинк1,бынек,бынек,бынек,хурлинк1,хорлен,хурлинк1,,ящерица,ШÉТР/О,k’emusa,к1емура,ШÉТР/О,ШÉТР/О,ШÉТР/О,шотра,аНччу,да,аНччу,да,аНччу,да,аНччу,аНччу,,к1анччи,,после записи к1аццара,,подтвердил,после записи к1аццара,,,,,,,"чIаНщв / кI’аНщв, гьолгьол - зеленая",к1аншва,,к1аншо,,к1аншо,,к1аншо,
"вещь, предмет (вот эту вещь дай мне)",the thing,,shei',,кар,кар,кар,кар,кар,кер,кар,кар,кар,кар,кар,şey,зат,ШЕЙ,ШЕЙ,кар,кар,кар,шей,шеъ,шеъ,шеъ,"вещь, предмет",#N/A,0,жо,шебин,шебин,шебин,#N/A,#N/A,#N/A,,#N/A,,#N/A,ц1ебдала,#N/A,,#N/A,,#N/A,,#N/A,,#N/A,,#N/A,,#N/A,,0,#N/A,,#N/A,,#N/A,,#N/A,
"кабан, боров, вепрь",the boar,,hallouf,,"къабан, кабан",къабан,дунгъуз,дунгъуз,къабан,дунгъуз,дунгъуз,дунгъуз,къабан,къабан,дунгъуз,qaban,къабан,вак,вак,къабан,вок,къабан,"къабан, вак",вак,вак,вак,"кабан, боров, вервь",#N/A,0,бул1,БÁIЛI/О,БÁIЛI/О,БÁIЛI/О,#N/A,#N/A,#N/A,,#N/A,,#N/A,хъапан,#N/A,,#N/A,,#N/A,,#N/A,болъо,#N/A,,#N/A,,#N/A,,"гьиНчIáб, хъапáн",#N/A,,#N/A,,#N/A,,#N/A,
ворота,,,"baab, bawaabah",,"дарваза, къапа",дарвазабыр,давраза,давразабыр,давразабыр,дарваза,дарваза,дарвазыбыр,ракбыр,дарваза,дарвазабыр,darvaza,"къапулар, къапу",вар,дарваза,дарваза,аккаби,аккаби,дарваза,"рык1арар, дарвазаяр","рак1арар, варар",ракь,ворота,КАВ/У,0,рий,варота,0,варота,каву,кав,кав,,къелу,,кав,,къелу,,кав,,ко,,да,ко,,,да,ко,,,кав,къила,,каву (къил неясно что),,каву,,каву,
дверь,the door or gate,dar,baab,,рак,рак,рак,рак,рак,рак,рак,рак1,,рак,рак,qapı,эшик,рак,рак,акка,аккаби,аккаби,ракь,рак,рак,,дверь,АЦ,0,ац,ац,ац,ац,гIац,гьиНц1ц1у,да,гьиНц1ц1у,да,гьиНц1ц1у,да,гьиНц1ц1у,да,гьиНц1ц1у,гьиНц1у,,иц1о,,"да, с назализацией",иц1о,,,да,иц1о,,,гьуНČв,гьунц1а,,да,гьунц1а,да,гьунц1а,да,гьунц1а
сирота,the orphan,,yateem,,"етим, есир",етим,етим,етим,етим,етим,етим,етим,етим,етим,етим,yetim,"етим, оьксюз",етим,етим,етим,етим,етим,есив??,етим,"етим, есим",етим,сирота,БЕСТIÁЛ,besdal,бестал,бест1ал,бест1ал,бест1ал,"бестIал(-ав), йатим(-ав)","гьач1об, йазихъоб",илъатоб мак1е (ребенок без отца) - в словаре просто не имеющий),,илъатоб,,да,илъатоб,илъат,,бесдал мак1и,,,,?,,,,,,,,йатим,ила има воч1о мач1и (йатим без родителей),,,,бесталав,,бесталяв,
лягушка,the frog,,"dafda', naqqaaqah",,гъы1б,гъы1б,пы1лхъ,пы1лхъ,пы1лхъ,хъалхъ,гъы1б,мы1хъ?,хы1б,гъы1б,гъы1б,qurbağa,бакъа,къиб,къиб,палхъай,палхъай,палхъай,къиб,къиб,къиб,,лягушка,ЛIÓХIР/О,ƛaplaɣe,ƛaplaɣe,ЛIÓХIР/О,ЛIÓХIР/О,ЛIÓХIР/О,лIочи,къоркъо,да,къоркъо,да,къоркъо,да,къоркъо,да,къоркъо,да,къоркъо,кокъо,,подтвердил,кокъо,,,,,,,къоркъ,къоркъ,,,,да,къоркъ,да,къоркъ
кольцо,the ring,,"daairah, halqah, tawq",,"т1ыба1ъа1л, уб",т1ыба1ъа1л,т1ыба1ъа1л,иб,т1уьбел,иб,"т1илия, мыгъыр",?,мыгъыр,т1ыба1ъа1л,т1ы1па1ль,üzük,"гьалкъа, юзюк, солгъу, минав",туп1ал,туп1ал,хъым,ты1жва,т1ыжва,туп1ал,туп1ал,туп1ал,,кольцо,БАШИХЪÓВ//БАШИХЪÓЙ,k’öyyä,k’öyyä,башк1ой,башк1ой,кольцо,кичи,лъиц1елащун,лъиц1елешун,,да,лъиц1елешун,"нишу, лъиц1елешун",,да,"нишу, лъиц1елешун",кольцо,,багьаче,,да,багьаче,,,да,багьаче,,,"гьиНцIáщуб - на палец, кI’иликI’а // чIи-личIа - железное, къердáр - на рогах, кI’иликI’а // чIиличIа - серебряное на цепочке",гьинц1и шо,,да,гьинц1и шо,да,гьинц1и шо,да,гьинц1и шо
песня,the song,,"ughniyah, ghanwah",,няни,няъни,баяти,баяти,баяти,байти?,ма1кьни,макьни,ма1кьни,маъни,магъни,mahnı,"йыр, сарын","баяд, лугъун, мани","баяд, лугъун, мани",маъни,маъни,маъни,маъни,маъни,маъни,маъни,песня,КЕЧI,keč’,keč’,кеч1е,кеч1,кеч1,"кечI, олъи",гьаНкье,да,гьаНкье,да,гьаНкье,да,гьаНкье,да,гьаНкье,кеч1а,,никва,,да,никва,,,,,,,кечI,кеч1,,,,кеч1а (кеч1 аварское),,да,кеч1а (кеч1 аварское)
летучая мышь,the bat,,khoffaash,,хъархъанаг,0,0,кьваркьыд хьыли,кьваркьыд хыли,?,0,магъыд?,махъыхъ,хъархъанаг,къаркъанак,yarasa,"гечекъуш, варканат",кьаркьулув,хъархъаба,шипихыр,шипихыр,0,хъырхъаба,хъархъаба,хъырхъаба,,летучая мышь,ЛАЛIУIХЪ/И,kündäy,0,ЛАЛIУIХЪ/И,ЛАЛIУIХЪ/И,0,киндури,гедеро,да,гедеро,подтвердил,гедеро,п,гедеро,п,гедеро,къехьилу? шакибо,,,,?,,,,,,,,мухурáщакиб,регьеди эртиндо гьерк1ва (ночью летающая вещь),,эртиндо гьерква,,регьеди эртиндо гьерк1ва (ночью летающая вещь),,эртиндо шакиб,
"серьга, сережка",the earring,,"qurt, halqah",,"халхалагбыр, убра аъадбыр",халхалаг,халхалаг,халхалаг,убрама ад,халхалаг,убра абыр,халхад?,убрабыр,убрабыр,убра хайбыр,küpe,"сыргъалар, гьалкъалар",япагъан,эпен,тана,тана,тана,эпен,"эпен, япак1ан",эпен,,"серьга, сережка",РОКIУР/А,0,г1аьгъаьлач,РОКIУР/А,РОКIУР/А,РОКIУР/А,хетIа,"гьаНт1ик1а, паши","баши, но сейчас говорят гьант1ик1а на ухо вашающая вещь",,гьант1ик1и т1андоб дала,,,,описательно,,описательно?,,,,кич1о,,,,,,,,бáши,коль (загон тоже),,,,коль,,коль,
сосед,the neighbour,,jaar,,къумши,къумши,къунши,къунши,къумши,к1унши,къумши,къумши,къумши,къумши,къумши,qonşu,хоншу,къунши,къунши,къунши,къунши,къунши,къунши,къунши,къуьнши,,сосед,мадугьан//мадугьал,maduhan,мадугьал,мадугьал,мадугъал,мадугъал,мадугьан // мадугьал,мадугьал,да,мадугьал,да,мадугьал,да,мадугьал,да,мадугьал,да,мадугьал,гъекьи эква,,гъельек1ва,,,,,,,,мáдугьал,подтвердил,мáдугьал,мадугьал,,да,мадугьал,мадугьаль,
браслет,the bracelet,,"tawq, iswaar",,"тIыбыхъ,браслет",т1ыбыхъ,"т1ыбыхъ, т1ул",т1ул,0,мыгь1ыр,?,лимаг?,ч1ил,т1ыбыхъ,0,bilərzik,билезик,цам,цам,къулбагъ,леха,лемех,цам,цам,цам,,браслет,ÁК/А,äᵑgä,äᵑgä,браслет,цеп,браслет,ака2,кваркъен,кваркъен,,это аварское,,да,кваркъен,"кваркъен подтверждает, но твердый",,корхьен,,,,,,квакъе,,,,,,кваркъим,кванкъил,,"да, и цепочка, браслет",кванкъил,,,да,кванкъил
одежда,the clothing or clothes,,"malaabis, libaas, θiyaab",,"валыг, валыгмар",валыгмар,валыг,валыгмар,валыг,залык,валыгмар,валыг,валыг,валыг,валыгмар,paltar,"опуракъ, гийим","гинибашар (уст.), либас, партал, пек (диал.)",пекер,партал,партал,карби,пекер,пекер,"пек, партал",пекер,одежда,шекьу,ɬic’o,ɬic’o,шекьу,шекьу,шекьу,"порма; ретIел, шекьу, шекьу-бокьу",их1рам,рак1яр,,да,рак1яр,да,рак1яр,да,рак1яр,жила,,шишакье,,да,шишакье,,,,,,,гъвáрза,гъваза,,,,да,гъваза,да,гъваза
пещера,the cave,,"kahf, ghaar",,0,0,0,0,фан,гуй,уби,шам,хъам,0,0,mağara,анакъ,"дагьар, кьвет1",къап,къугъли,къугъли,къугъли,къап,къап,мугъара,0,пещера,ИНХ/У,onox,onox,0,инху,пещера,инху,,,,речча,,да,речча,,,,,,,,,,,,,да,речча,рýщIа,реч1а,,,,"нохъо (ав), реч1а подтвердил",,"реч1а, нохъо подтвердила","нохъо (ав), реч1а подтвердил"
тело,the body,tan,"jism, jasad",,0,джан,джан,джан,0,чандахъ,джан,беден,беден,джандахъ,беден,bədən,къаркъара,"беден, жасад (редк.), жендек","беден, жасад (редк.), жендек","джан, беден",джан,джандахъ,"беден, чан",чан,"жандак, чан",чан,тело,гьиро,q’arq’ala,магъу,лаги,лага,лага,"къаркъала // къваркъала, къулагIи, лага","лага, черххе","къаркъала (лага рост, лага черххе вместе)",,да,"къаркъала (лага рост, лага черххе вместе)",къаркъала,,черххе,,къаркъала,,къакъала,,да,къакъала,,,,,,,"къаркъáла, лáга","къаркъала (ав), лага подтвердил)",,"къакъала, лага",,къаркъала,,да,къаркъала
год,the year,sal,"sanah, 'aam",,0,сен,сен,сен,сен,сен,сен,сен,сен,сен,сен,il,йыл,йис,йис,сен,сень,сень,йюс,йис,йис,йис,год,ЛIАIБ,ƛi,ƛi,л1а1б,ЛIАIБ,ЛIАIБ,лIебу2,решин,решин,,да,решин,да,решин,да,решин,релъин,,реше,,реше,,,,да,реше,,,реш,решин,,да,решин,да,решин,да,решин
метла,the broom,,"miknasah, miqashah",,"хьырыс, мугул, макьа1кьа1л",мугул,хьырыс,мугул,мугул,мугул,хьырыс,мугул,мугул,"мугул, хьырыс",хьырыс,süpürgə,сибиртки,кул,кул,хьырыс,хьырыс,ч1ахь,кул,кул,кул,,метла,МЕШ,müš,müš,меш,меш,меш,мос,хъарт1а,эрхьу,,оба есть,,"эрхьу веник, хъарт1а метла",,"эрхьу (веник), хъарт1а большая",,хъорт1а,,квач1и,,да,квач1и,,,,,,,хъвáНтIа,эхьв,,,,да,эхьв,да,эхьв
вор,the thief,dozd,"saariq, sarraaq, liss",,"дагулчи, сырыхчи",сырыхчи,сырыхчи,къачах,сырыхчей,качах,сырыхчи,сырыхчи,убулчи/сырыхчи,0,къачах,oğru,уручу,УГЪРИ,къачах,сихнари,сихнари,сихнари,къачах,къачах,"къачах, чунуьхбангат",угъри,вор,ОКIЕКIНÁКI/У,c’ohor,c’ohor,ц1огьор,ц1огьор,ц1огьор,"икIекIнакIу, кьакьахъу, кьакьахъу-рекIве, цIогьор",ц1ц1огьор,ц1огьор,,да,ц1огьор,да,ц1огьор,да,ц1огьор,ц1огьор,,мишухъа,,мишухъхъа,,,,да,мишухъхъа,,,Čогьóр,ц1огьор,,да,ц1огьор,да,ц1огьор,да,ц1огьор
борода,the beard,,lihyah,,мичри,мич1ре,мич1ре,мыч1ри,мычре,мичри,мыч1ре,мыч1ри,мыч1ре,мич1ир,мыч1ри,saqqal,сакъал,ЧУРУ,чири,сахъал,сахъал,сахъал,чири,чири,чуруь,чири,борода,МЕШÓЛГ/А,bab,bab,к1ут1у,МЕШÓЛГ/А,МЕШÓЛГ/А,"баб, мошолкIа // бошолкIа, котIу",мигаж,мигаж,,да,мигаж,да,мигаж,да,мигаж,мигяж,,,,мижелълъу,,да,мижелълъу,,,,,0,мигаж,,да,мигаж,да,мигаж,да,мигаж
гребень; расческа,the comb,,mosht,,раIгъ,ра1гъ,ра1гъ,ра1гъ,ра1гъ,рагъ,ра1гъ,ра1гъ,ра1гъ,ра1гъ,ра1гъ,yal,таракъ,"ЖГЪА, РЕГЪ","ЖГЪА, РЕГЪ",агъа,агъа,агъа,рягъ,рягъ,рягъ,,гребень; расческа,гьилIу,0,гьилIу,гьилIу,гьилIу,гьилIу,гьилIу,"гьакьу, хъуНдоб, хабалъо-гькьу  - чесалка",гьакьу,,гьакьу,,гьакьу,,гьакьу,,гьакьу (также семь),,акьу,,да,акьу,,,да,акьу,,,гьакьв,гьакь,,да,гьакь,да,гьакь,да,гьакь
молния,the lightning,,barq,,ц1ай рапын,ц1ый,ц1арап1ара,хал урхара,илдырым,царапара,цай рапара,ц1ай рапын,ц1ай рапын,ц1ай рапын,цай рапан,ildırım,яшмын,ц1айлапан,ц1айлапан,ердылым,зинжир,хай багъалты,ц1айлапан,ц1алапан,ц1айлапан,,молния,МÁКЪЛI/У,kayƛoyo,kayƛoyo,МÁКЪЛI/У,х1ух1удари,МÁКЪЛI/У,макълIу,пире,пире,,пире,,да,пире,пире,,пири,,,,пири,,,,,,,,пардáкь,"ц1ай рекур, пирк1еч1ир",,,,"пир, пир к1еч1ир",,реше пардоб,
оса,the wasp,,zinbaar,,цIаркIымакь,0,ц1иймак1,хингул,ц1ихьил макь,цид махъ,ч1ирид гъуба,ч1ирид гъуба,ч1ийидгъуба,цIыркIымакь,цырк1имак1,arı,телижибин,хуз,ц1уь,ножь,0,т1от1,ц1уь,ц1угъ,ц1уьгъ,,оса,0,ƛordena,ƛordena,бил1ол1у,т1ут1,хут1и,тетена,ц1ц1уНц1ц1упера,да,ц1ц1уНц1ц1упера,да,ц1ц1уНц1ц1упера,да,ц1ц1уНц1ц1упера,ц1унц1упера,,по-другому,,кьижвала,,кьижвара,,,,,,,,кьижва,шайт1ани пера,,,,да,шайт1ани пера,г1алхул пера,
"лук (оружие), стрела",the bow,,qaws,,еюх,0,яюх,яюх,каркач,"яюх, каракац",ейъух,ейъух,ейъух,еъух,ейъух,na,"жая, къазарху",NA,ч1имирухъ,0,чартма,0,ч1емерухъ,ч1емерухъ,ч1емерухъ,ч1емелукь,лук (оружие),#N/A,0,ц1унц1а,0,ЦIЕРУЦI/А,ЦIЕРУЦI/А,#N/A,#N/A,#N/A,,#N/A,,#N/A,,#N/A,,#N/A,,#N/A,,#N/A,,#N/A,,#N/A,,#N/A,,цIt,#N/A,,#N/A,,#N/A,бергьунц1уль,#N/A,
сова,the owl,,"boom (coll.), boomah(sing.)",,тIыб,0,т1ыб,т1ыб,т1ыб,т1ыб,т1ыб,т1ыб,т1ыб,т1ыла,т1ыб,bayquş,"кикимав, обуръябалакъ",байкъуш,к1иб,байгъуш,байгъуш,байгъуш,к1иб,к1иб,гумбат,циб,сова,КЪÁIД/О,ruz,руз,КЪÁIД/О,КЪÁIД/О,КЪÁIД/О,"бугьу, руз",рузе,бугьу (рузе филин),,бугьу,,рузе,,да,рузе,"бугьу, рузу (аварское)",,руз,,"руз аварское, мб буссе?",,,,,,,,бугь,руз,,руз,,руз,,да,руз
веревка,the rope,,habal,,"ухур, кендир",т1уъу,ухур,ухур,т1уъу,ухв,"гьаван, ч1ий",гьаван,0,ухур,тукъ,kəndir,"йип, аркъан",еб,"ц1ил, хвал",т1у1,т1у1,т1у,"ц1ил, хвал",ц1ил,"хал, ц1ил",,веревка,роч,0,савали,муху,муху,муху,"бацIали, роч, тIиган, чIелу // чIилу",кару,кару,,да,кару,да,кару,да,кару,кору,,,,квари,,,,да,квари,,,квар,квар,,да,квар,да,квар,да,квар
крапива,the nettle,,qarraas,,магъвал,макъвал,макъвал,макъвал,макъвал,макъвал,магъвал,магъвал,макъвал,макъвал,макъвал,gicitkən,къычыткъан,верг,верг,магъва,магъва,магъвал,верг,верг,верг,верг,крапива,мечā,mic (2),mic (2),мечā,мечā,мечā,меча,мич1и,мич1ч1и,,да,мич1ч1и,да,мич1ч1и,да,мич1ч1и,ч1еру,,миц1и,,да,миц1и,,,,,,,мищI,ч1ер,,да,ч1ер,да,ч1ер,да,ч1ер
рыба,the fish,,"samak (coll.), samakah (sing.)",,балугъ,балугъ,балугъ,балугъ,балугъ,балугъ,балугъ,балугъ,балугъ,балугъ,балугъ,balıq,балыкъ,"к1езри, гъед",балугъ,балугъ,балугъ,балугъ,балугъ,балугъ,балугъ,,рыба,БЕСУР/О,bisa,bisa,БЕСУР/О,БЕСУР/О,БЕСУР/О,бесуре,ччуг1а,да,ччуг1а,да,ччуг1а,да,ччуг1а,да,ччуг1а,ччуг1а,,чуг1а,,да,чуг1а,,,,,,,"щвā - крупная, морская, щвáНшкIа",щваг1а,,,,щваг1а,,да,щваг1а
заяц,the hare,,arnab,,гъыIр,гъы1рь,гъы1р,гъы1р,гъыIр,гъы1р,гъы1д,гъы1д,хы1р,гъы1р,гъы1р,dovşan,"къоян, тавшан",къуьр,къуьр,гъыйе,гъыйе,гъый,къуьр,къуьр,къуьр,,заяц,ХЪАI,qiyalat’o,qiyalat’o,ХЪАI,ХЪАI,ХЪАI,хъе,кьаНк1ала,да,кьаНк1ала,к1анкьала,,да (иногда говорят кьанкьала),к1анкьала,да,к1анкьала,кьенк1яла,,кьак1а,,да,кьак1а,,,да,кьак1а,,,кьеНчIéл,кьанк1ал,,да,кьанк1ал,да,кьанк1ал,да,кьанк1ал
бабочка,the butterfly,,faraashah,,"деб-дебил, перване",деб-дебил,пирваъани,пирваъани,ц1ыц1,кирвани,дебебил,т1еб дебил,т1ебебил,бебил,0,kəpənək,гюмелек,чепелукь,?,гакъабай,гакъабай,гакъабай,первайнай,перванат,чупанукь,,бабочка,шайтIанес кидила бабочка (букв. кукла чёрта),päpät’ö,päpät’ö,къандули,къандули,къандило,папатIу,дидин,дидин,,да,дидин,да,дидин,да,дидин,рик1уч1ел,,"ни то, ни другое",,к1ужара,,да,к1ужара,,,,,кIáркIима,к1алак1ачва,,да,к1алак1ачва,да,к1алак1ачва,да,к1алак1ачва
след (ноги),the footprint,,iθr,,"хьаIль, лышан",хьыль,хьал,хьал,хьаIл,0,хьаIл,хылид т1ум,хьал,рахъ,хьыль,izi,гьыз,гел,хьел,гов,гов,гов,хьел,хьель,хьел,0,след (ноги),РУГЪ/У,0,аНж,ругъу,ругъу,ругъу,лугъу,лъалда,да,лъалда,да,лъалда,"лъалда, лъале",,лъалда,,лъали,,лъак1и,,лъали (лъак1и может быть ошибка),,,,,,,,гьал,"лъак1, гьаль подтвердил",,гьаль,,"анж, лъалк1",,гьаль (как горох),
гнездо,the nest,,ush,,0,ыкъваль,фар,фар,шейдид  фар,хва,эку,эку,0,акъу,акъвал,уя?,уя,МУГ,МУГ,юва,юва,юва,муг,муг,муг,,гнездо,МУЖ/И,sĩ (1),sĩnaq,агъыс вотк1у,мужи,агъис мужи,мужи,берхьван,берхьван,,мисиа (птичий дом),,миса подтвержил,,птичий дом,,берхьван,,реше,,решва,,,,да,решва,,,чиНдв,бехьун,,да (птичья постель),бехьун,да,бехьун,шакол1 бегьун,
червяк,the worm,,"doud (coll.), douda (sing.)",,"барцIил, мулюх",мулюх,мулюх,мулюх,мулюх,мулюх,мулюхъ,мулюх,мулюхъ,мулюх,мулюхъ,qurd,хурт,квак,швар,быркъынеш,быркъынеш,мухъ,швар,швар,швар,швар,червяк,ацурйо,0,bet'eli,гъумели,гъумели,гъумели,"бика, буржула, хIапара, хIапара-хIутI, хIутI","берка, жи, х1апара, наац1е",жужука,,жужука - просто насекомое,,,,,,не помню,,бека (и змея тоже),,бека,,,,,,,,хIутI,берча (змея),,,,муко берча,,берча,
муравей,the ant,,"namlah, nammah",,дзыдза1хъ,дзыдзахъ,цахцар,цыхцар,дзы1хцар,цыцах,дзыдзах,дзыдзах,дзыдзах,дзыдзахъ,дзыдзах,qarışqa,къомурсгъа,цегв,цвез,симсири,симсири,симсири,цвез,цвез,цвез,,муравей,РЕЦÉНЙ/О,hũca,hũca,РЕЦÉНЙ/О,РЕЦÉНЙ/О,РЕЦÉНЙ/О,рецен,лъарц1ц1е,да,лъарц1ц1е,да,лъарц1ц1е,да,лъарц1ц1е,да,лъарц1ц1е,к1к1ара (непонятный звук),,ц1уц1ра,,ККари,,,,,,,,жуНж,гьарц1а,,,,да,гьарц1а,х1ац1а,
хвост,the tail,,"ðeil, ðanab, aaliyah",,джибыр,джибыр,джибыр,джибыр,джибыр,джибыр,джибыр,джибыр,джибыр,джибыр,джибыр,quyruq,къуйрукъ,тум,тум,быть,быть,быть,тум,тум,тум,тум,хвост,МÁХI/И,miɣ,miɣ,мах1и,мах1и,мах1и,мигьи1,"мигъа, рач1ч1ел",мигъа,,да,мигъа,да,мигъа,да,мигъа,мигъа,,калълъи,,подтвердил,калълъи,,,,,,,мигъа,мигьа,,мигъа,,да,мигъа,да,мигъа
крыло (или перо),the wing,,janaah,,"къанат, кыли",хыли,къанат,къанат,къанат,къанат,къанат,къанат,къанат,хьыли,хыли,qanad,къанат,лув,лув,къанат,къанат,къанат,лув,лув,лув,,крыло,#N/A,#N/A,habo,лела,лела,лел,#N/A,#N/A,#N/A,лъиру,#N/A,лъиру,#N/A,лъиру,#N/A,лъиру,#N/A,,#N/A,,#N/A,лъиро,#N/A,,#N/A,,#N/A,,гьилв,#N/A,,#N/A,,#N/A,,#N/A,
тень,the shade or shadow,,ðell,,"аIхъ, серинды, мычIахъвалды",а1хъ,а1хъ,а1хъ,а1хъ,а1хъ,а1хъ,а1хъ,а1хъ,а1хъ,а1хъ,kölgə,гёлентки,куьлге,?декъен,ахъ,ахъ,ахъ,ахъев,ахъен,эхъен,,тень,гъеду,hidoci,hidoci,гъеду,гъеду,гъеду,гъеду,аНччу,да,аНччу,да,аНччу,да,аНччу,да,аНччу,анчва,,гьугьу,,"да, с назализацией",гьугьу,,,,,,,аНщв,к1аншва,,к1аншо (также ящерица),,к1аншо,,да,к1аншо
кузнечик,the grasshopper,,"qubbout, jundub",,ц1ыц1,0,ц1ай,ц1ай,ц1ыц1,масдыр ц1ай,ц1ыц1,ц1ыц1,ц1ыц1,ц1ыц1,ц1ыц1,çəyirtkə,увакъ ченгертки,NA,ц1ец1,ц1ыць,ц1ыць,ц1ыць,ц1ец1,ц1ыць,ц1ець,,кузнечик,ХÓЦI/У,xac’o,xac’o,хоц1и,хоци,хоци,хоцIе,гъац1а,да,гъац1а,да,гъац1а,да,гъац1а,да,гъац1а,да,гъац1а,гьац1а,,да,гьац1а,,,,,,,гъáцIа,гъанц1а,,подтвердила,гъанц1а,да,гъанц1а,да,подтвердила
воск (пчелиный),the beeswax,,sham',,мум,0,мым,мым,мым,мым,мым,мылах,мым,мым,мум,mum,балавуз,мум,мум,мух,мух,мух,мум,шам,шам,0,воск (пчелиный),ХIЕ,0,0,х1е,х1е,0,хIе,щиру,щиру,,да,щиру,да,щиру,да,щиру,х1еру,,гъане,,да,гъане,,,да,гъане,,,щирв,щер,,да,щер,да,щер,да,щер
песок (строительный),the sand,,raml,,"къум, сецI",сец1,къум,къум,къум,хъум,"сец1, къум",къум,къум,сец1,сец1,qum,"хум, къайыр",къун,суьт,къум,къум,сец1,суьт,суьт,къам,свет,песок (строительный),ГИБ/У,0,mizo,песок,песок,песок,мессе,соро,да,соро,да,соро,да,соро,п,соро,сали,,сали,,песоки,,,,,,,,сел / селв,сер,,,,да,сер,сер,
мозоль,the blister,,mismaar,,т1ур,гъыдигъ,ныц1,ныц1,ныц1,ныц1,парахъур,?,гъеди?,гъеди,гъе1де1гъ,qarğıdalı,къатыв,къабар,кыркыр,кабар,кабар,0,кыркыр,кыркыр,куркур,,мозоль,ПУЛ,ɬīs momola,момола,0,мозоль,0,"билла, земеза","гьаНк1ва, пиНкьа",пинкьа,,пинкьа,,п,пинкьа,пинкье,,мозоль,,гьими,,гене,,,,,,,,руČ,"пуль, (труба тоже)",,,,да,"пуль, (труба тоже)",да,"пуль, (труба тоже)"
яйцо,the egg,,beydh,,0,гъылыгъ,гъылыгъ,гъылыгъ,гъылыгъ,гъылыгъ,гъылыгъ,гъылыгъ,гъулугъ,гъылыгъ,гъылыгъ,yumurta,йымырткъа,кака,кака,кьукь,кьукь,кьукь,кака,кака,кака,,яйцо,КIЕНÉЧI,c’emuc’,c’emuc’,КIЕНÉЧI,КIЕНÉЧI,КIЕНÉЧI,къимацI,к1арк1ан,да,к1арк1ан,да,к1арк1ан,да,к1арк1ан,да,к1арк1ан,гьану,,кану,,хъану,,,,,,,,чIачIáн,ч1еч1ен,,ч1еч1ен,,ч1еч1ан,,ч1еч1ен,
губа,the lip,,shafah,,букI,"бук1, п1ыз",бук1быр,п1ыз,п1ыз,п1ыз,п1ыз,бук1быр,п1ыз,п1ыз,бук1быр,dodaq,эрин,ПIУЗ,ПIУЗ,п1ыз,п1ыз,п1ыз,п1уз,п1уз,п1узар,пузар,губа,ГЬУТI,poro,poro,къеп1у,къеп1у,ГЬУТI,къепу,суНк1а,да,суНк1а,да,суНк1а,да,суНк1а,да,суНк1а,сими,,шеме,,да,шеме,,,да,шеме,,,сим,к1от1и (губы),,да,к1от1и (губы),да,к1от1и (губы),к1от1,
"дрова, топливо, древесина",the firewood,,hatab,,усбыр,усбыр,усбыр,усбыр,усбыр,ус,усбыр,ус,усбыр,ус,усбыр,odun,агъач,КIАРАСАР,КIАРАСАР,осби,осби,осби,к1арас,к1арасар,к1арацсар,,"дрова, топливо",#N/A,0,удо,хъаца,хъац1а,хъац1а,#N/A,#N/A,#N/A,,#N/A,,#N/A,,#N/A,,#N/A,,#N/A,,#N/A,,#N/A,,#N/A,,#N/A,,гьур,#N/A,,#N/A,,#N/A,,#N/A,
куропатка,the partridge,,hajalah,,гъуьд,гъуд,гъуьд,сывыды къат1,гъуьдь,гъуд,гъудь,гъу1д,гъу1д,гъудь,гъу1дь,kəklik,къыр тавукъ,къвед,къвед,гъун,гъун,0,къвед,къвед,къвед,,куропатка,КЪОКЪÓТI/У,0,гъуьда,0,КЪОКЪÓТI/У,агъи,гъогъ,гъавгъва,гъавгъа,,да,гъавгъа,п,гъавгъа,да,гъавгъа,гъагъиба,,гъагъиба,,?,,,,,,,,гъáгъа,,,,,гъагъва,,подтвердила,гъагъва
рукав,the sleeve,,"far', kumm",,хулук,хулук,хулук,хулук,хулук,хулук,хулук,хулук,хулук,хулук,хулук,qol,енг,хел,хел,хьуль,хали,хук,хел,хим,хел,,рукав,кулъа,0,гьикьа,кулъа,кулъа,0,"мецу, рекьа",кваха,да,кваха,да,кваха,да,кваха,да,кваха,кохил,,квакье,,кваххе (квакье неправильно),,,,,,,,квахил,,,,,квагьа,,кваНхиль,